"id","profile_id","slug","description"
4089744,13415332,"anna-13415332","Anna Wilson is a dedicated Loan Officer at Modern Mortgage Financial, LLC, located in Farmington Hills, Michigan. With the NMLS # 2448273, Anna expertly guides clients through the mortgage process, providing tailored solutions to meet their unique needs. Her commitment to exceptional service ensures a smooth and successful home financing experience for every client."
7188122,13415333,"james-wood-291900","James Wood is a seasoned loan officer with C2 Financial Corporation, Seattle, WA Branch, dedicated to helping clients navigate the complexities of the mortgage process. Based in Seattle, Washington, James leverages his extensive knowledge of the local market to provide tailored solutions for homeowners and prospective buyers. With a commitment to exceptional service, James guides his clients through every step, ensuring a smooth and successful transaction."
4058329,13415334,"kelsey-13415334","Kelsey Smith is a dedicated Loan Officer at Comerica Bank in New Baltimore, Michigan, committed to helping clients navigate the complexities of the mortgage process. With her expertise, she guides individuals and families toward the best financing solutions for their unique needs. Kelsey is available to assist you during Comerica Bank's standard business hours."
7386590,13415335,"angelo-yaldo-321326","Angelo Yaldo is a seasoned mortgage broker at Central Mortgage Funding, LLC, located in Southfield, Michigan. With his extensive knowledge of the mortgage industry, Angelo expertly guides clients through the complexities of securing the right financing for their dream homes. He is dedicated to providing personalized service and finding the best possible mortgage solutions tailored to each client's unique needs in the Southfield area."
7200380,13415336,"sung-eun-292114","Sung Eun is a dedicated Loan Officer at Accelin Loans LLC, serving the Bothell, Washington area. With extensive experience in the mortgage industry, Sung expertly guides clients through the complexities of home financing. Sung is committed to providing personalized solutions and exceptional service to help individuals and families achieve their homeownership goals in Bothell and beyond."
7191745,13415338,"kiranmai-veeramachaneni-306350","Kiranmai Veeramachaneni is a dedicated Loan Officer with eLink Mortgage LLC, serving the Seattle, Washington area. With extensive experience in the mortgage industry, Kiranmai expertly guides clients through the complexities of securing the ideal home financing solution. Her commitment to personalized service and in-depth knowledge ensures a smooth and successful mortgage experience for every client."
7179182,13415339,"amanda-wright-321171","Amanda Wright is a dedicated Loan Officer at Hantz Financial Services, Inc., serving the Southfield, Michigan area. With her extensive knowledge of the mortgage industry, Amanda expertly guides clients through the complexities of securing loans. Specializing in both Conventional and Jumbo loan options, she is committed to finding the perfect financing solution to meet each client's unique needs."
7179500,13415340,"andrew-13415340","Andrew Thwany is a seasoned Loan Officer at DynaGen Lending, LLC, located in Southfield, Michigan. With the NMLS # 1699139, Andrew expertly guides clients through the mortgage process, ensuring they secure the best possible financing options. His dedication to providing personalized service and in-depth knowledge makes him a trusted advisor for all mortgage needs in the Southfield area."
4309985,13415341,"amanda-13415341","Amanda Buchanan is a dedicated Loan Officer at Next Door Lending LLC, bringing her expertise to clients in Bingham Farms, Michigan. With NMLS # 1497312, Amanda guides individuals through the mortgage process, providing tailored solutions to meet their unique needs. Her commitment to exceptional service ensures a smooth and successful lending experience for every client."
4207962,13415342,"stephanie-13415342","Stephanie Camden is a seasoned loan officer dedicated to helping individuals and families in Michigan achieve their homeownership dreams. With extensive knowledge of the mortgage industry, Stephanie provides personalized guidance and support throughout the loan process. She is committed to finding the best mortgage solutions tailored to each client's unique financial situation in Michigan."
7186949,13415343,"haiqin-wang-301362","Haiqin Wang is a dedicated Loan Officer based in Seattle, Washington, committed to helping clients navigate the complexities of the mortgage process. With extensive experience in the mortgage industry, Haiqin offers personalized solutions to meet each client's unique needs and financial goals. Serving the Seattle area, Haiqin is a trusted resource for anyone looking to purchase or refinance a home."
4278069,13415344,"allante-13415344","Allante Smith is a knowledgeable Loan Officer at MortgagePros, LLC, serving the Troy, Michigan area. With a focus on providing tailored mortgage solutions, Allante guides clients through every step of the loan process with expertise and personalized attention. Clients can rely on Allante's commitment to securing the best possible financing options to achieve their homeownership dreams in Michigan."
7186329,13415345,"garwin-long-299368","Garwin Long is a dedicated Loan Officer at eLink Mortgage LLC, serving the Seattle, Washington area. With his extensive knowledge of the mortgage industry, Garwin expertly guides clients through the loan process, ensuring they find the best options to achieve their homeownership goals. Residents of Seattle and surrounding areas can rely on Garwin's expertise to navigate the complexities of financing their dream homes."
7187321,13415347,"honggang-fan-302292","Honggang Fan is a dedicated Loan Officer at eLink Mortgage LLC, serving the Seattle, Washington area. With extensive experience in the mortgage industry, Honggang is committed to helping clients navigate the complexities of home financing and secure the best possible loan options. His expertise and personalized service ensure a smooth and successful mortgage experience for every client."
7180264,13415348,"ashley-kaplaniak-294346","Ashley Kaplaniak is a dedicated Loan Officer at Hantz Financial Services, Inc., located in Southfield, Michigan. With expertise in a variety of loan options including Conventional, FHA, Jumbo, and VA loans, Ashley is committed to helping clients find the perfect financing solution for their homeownership goals. Her focus is providing personalized guidance and support throughout the mortgage process, ensuring a smooth and successful experience for every client."
7187192,13415349,"helen-tian-301710","Helen Tian is a dedicated Loan Officer with eLink Mortgage LLC, serving the Seattle, Washington area. With her in-depth understanding of the mortgage industry, Helen expertly guides her clients through every step of the loan process. She is committed to providing personalized solutions and helping individuals and families achieve their homeownership dreams in the Pacific Northwest."
4023787,13415350,"avianca-13415350","Avianca Dalou is a dedicated Loan Officer at MortgagePros, LLC, located in Troy, Michigan. With NMLS #2429913, Avianca expertly guides clients through the mortgage process, ensuring they find the perfect loan solutions to meet their individual needs. Her commitment to providing exceptional service makes her a trusted advisor in the Troy community."
4077296,13415351,"antwan-13415351","Antwan Jany is a dedicated Loan Officer based in Michigan, committed to helping clients navigate the complexities of the mortgage process. With a focus on personalized solutions, Antwan works diligently to find the best loan options tailored to each client's unique financial situation. His expertise and attention to detail ensure a smooth and confident path to homeownership for individuals and families throughout Michigan."
7202038,13415352,"wei-zhao-300661","Based in Bellevue, I am a dedicated mortgage loan originator committed to guiding you through the home financing process. I provide clear answers and tailored solutions to address your specific needs, whether you're wondering about affordability or the ideal mortgage type. Proudly serving the Bellevue community through U.S. Bank, I prioritize your best interests and offer trustworthy advice. Contact me at 425-637-2589 to explore your homeownership options."
4171155,13415353,"austin-13415353","Austin Hamama is a dedicated Loan Officer at Family 1st Lending LLC, serving the Troy, Michigan area. With a focus on providing exceptional service, Austin guides clients through the mortgage process with ease and expertise. He is committed to helping families achieve their homeownership dreams with tailored lending solutions."
4104732,13415354,"anthony-13415354","Anthony Sitto is a seasoned loan officer dedicated to helping individuals and families in Michigan achieve their homeownership dreams. With years of experience in the mortgage industry, Anthony provides expert guidance and personalized solutions tailored to each client's unique financial situation. He is committed to providing exceptional service and making the loan process as smooth and stress-free as possible for Michigan residents."
7189965,13415355,"jorel-murray-303751","Jorel Murray is a seasoned Loan Officer at Super T Financial Inc., located in Kirkland, Washington, dedicated to helping clients navigate the complexities of home financing. With expertise in a variety of loan options, Jorel skillfully guides individuals and families through Conventional, FHA, USDA, Jumbo, and VA loan programs. His commitment to personalized service ensures a smooth and informed mortgage experience for every client."
4231236,13415358,"ambure-13415358","Ambure Kelley is a dedicated Loan Officer at Citizens Bank, N.A., located in Farmington, Michigan. With the NMLS # 1489643, Ambure expertly guides clients through the mortgage process, providing tailored solutions to meet their unique needs. Her commitment to exceptional service and in-depth knowledge of the lending landscape makes her a trusted partner for individuals and families seeking to achieve their homeownership dreams."
4171879,13415359,"kristin-13415359","Kristin Brocker is a knowledgeable Loan Officer at Genisys Credit Union in Auburn Hills, Michigan, dedicated to helping clients navigate the mortgage process with ease. With the backing of NMLS #2480414, Kristin leverages her expertise to provide tailored solutions and exceptional service. Whether you're a first-time homebuyer or looking to refinance, Kristin is committed to making your homeownership dreams a reality."
4000505,13415361,"ashley-13415361","Ashley Shammami is a dedicated Loan Officer at Texana Bank, N.A., located in Keller, Texas, committed to helping clients navigate the complexities of the mortgage process. With the backing of NMLS # 2033436, Ashley leverages her expertise to provide tailored solutions and personalized guidance. Her focus is on ensuring a smooth and informed experience for every client seeking to achieve their homeownership dreams in the Keller area."
4261081,13415362,"susan-13415362","Susan Dessert is a dedicated Loan Officer at PNC Bank, N.A., serving the Fraser, Michigan area. With the NMLS # 1712271, Susan expertly guides her clients through the mortgage process, providing tailored solutions to meet their individual needs. Her commitment to excellent service and in-depth knowledge of the lending landscape makes her a trusted resource for homebuyers and those looking to refinance."
4290154,13415364,"sonya-13415364","Sonya Woodley is a dedicated Loan Officer at The Huntington National Bank in Fraser, Michigan, committed to helping clients navigate the complexities of the mortgage process. With NMLS # 933515, Sonya leverages her extensive knowledge and experience to provide tailored solutions that meet each client's unique financial needs. Whether you're a first-time homebuyer or looking to refinance, Sonya offers expert guidance and support every step of the way."
7200819,13415365,"terry-woodall-290303","Terry Woodall is a dedicated Loan Officer at Mortgage One Northwest Inc, serving the Olympia, Washington area. With extensive experience in the mortgage industry, Terry expertly guides clients through the complexities of home financing. He is committed to providing personalized solutions and making the loan process smooth and understandable for every client."
4117467,13415366,"keith-13415366","Keith Mackey is a dedicated Loan Officer at 1st Securities Mortgage (CSI), bringing extensive expertise to clients in Bingham Farms, Michigan, and the surrounding areas. With a commitment to providing tailored mortgage solutions, Keith guides individuals and families through the complexities of the home buying process. His focus on clear communication and personalized service ensures a smooth and confident experience for every client seeking to achieve their homeownership dreams."
4248599,13415367,"karen-13415367","Karen Cooper Green is a seasoned mortgage loan originator at 1st Securities Mortgage (CSI), assisting clients in Bingham Farms, Michigan, with their home financing needs. With extensive experience in the mortgage industry, Karen expertly guides individuals through the complexities of securing the right loan for their unique circumstances. Her commitment to providing personalized service and in-depth knowledge ensures a smooth and successful mortgage experience for every client."
4133070,13415369,"kimberly-13415369","Kimberly Stuckey is a seasoned loan officer dedicated to helping clients navigate the mortgage process in Michigan. With extensive experience in the industry, Kimberly provides expert guidance and personalized solutions to secure the best financing options. Whether you're a first-time homebuyer or looking to refinance, Kimberly is committed to making your homeownership dreams a reality throughout Michigan."
4136470,13415371,"deanna-13415371","Deanna Reid Lowery is a dedicated loan officer based in Michigan, committed to guiding individuals and families through the intricacies of the mortgage process. With her extensive knowledge and personalized approach, Deanna helps clients navigate their financing options to find the perfect fit for their needs. Whether you're a first-time homebuyer or looking to refinance, Deanna provides expert assistance every step of the way in Michigan."
7183629,13415372,"daniel-kratochvil-300139","Daniel Kratochvil is a dedicated Loan Officer at All City Mortgage, LLC, serving the Kenmore, Washington area. With his extensive experience in the mortgage industry, Daniel expertly guides clients through the complexities of home financing. He is committed to providing personalized solutions and ensuring a smooth, stress-free experience for every borrower."
4133542,13415373,"catherine-13415373","Catherine Mcgregor is a dedicated Loan Officer at PNC Bank, N.A., serving clients in Fraser, Michigan, with their mortgage needs. Backed by NMLS # 1631670, Catherine expertly guides individuals and families through the complexities of the home buying process, offering tailored solutions to achieve their financial goals. Her commitment to providing exceptional service and in-depth knowledge makes her a trusted partner for anyone seeking mortgage assistance in the Fraser area."
4186089,13415374,"melanie-13415374","Melanie Bender is a seasoned Loan Officer at Citizens Bank, N.A., located in Clinton Township, Michigan. With the NMLS # 752648, Melanie expertly guides individuals through the complexities of the mortgage process, ensuring they find the perfect loan solutions to achieve their homeownership dreams. Her dedication to providing personalized service and in-depth knowledge makes her a trusted resource for those navigating the Michigan real estate market."
4034824,13415375,"brittany-13415375","Brittany Stack is a dedicated Loan Officer at PNC Bank, N.A., serving the Fraser, Michigan community. With her extensive knowledge of the mortgage industry, Brittany expertly guides clients through the complexities of home financing. She is committed to providing personalized solutions to help individuals and families achieve their homeownership goals in Fraser, MI."
4062425,13415377,"lisa-13415377","Lisa Lewis is a dedicated Loan Officer at Fifth Third Bank in Clinton Township, Michigan, committed to helping clients navigate the complexities of the mortgage process. With the NMLS # 1677017, Lisa leverages her extensive knowledge and experience to provide tailored solutions for each client's unique financial situation. Her focus is on delivering exceptional service and building lasting relationships within the community."
4097160,13415378,"kristin-13415378","Kristin Karam is a dedicated loan officer serving clients in Michigan. With extensive experience in the mortgage industry, Kristin is committed to helping individuals and families navigate the complexities of home financing. Whether you're a first-time homebuyer or looking to refinance, Kristin provides personalized guidance and support throughout the entire loan process."
4267597,13415379,"marla-13415379","Marla Zwiesele is a dedicated and experienced Loan Officer at Michigan First Credit Union in Eastpointe, Michigan. With NMLS #1124446, Marla expertly guides individuals through the mortgage process, providing personalized solutions to help them achieve their homeownership goals. Her commitment to exceptional service and in-depth knowledge of the market makes her a trusted resource for anyone seeking mortgage assistance in the Eastpointe area."
4001635,13415386,"jacquelynn-13415386","Jacquelynn Doppke is a knowledgeable loan officer dedicated to helping clients navigate the complexities of the mortgage process in Michigan. With her expertise, Jacquelynn guides individuals and families toward the best financing options to achieve their homeownership dreams. Her commitment to providing personalized service and clear communication makes her a trusted resource for anyone seeking mortgage solutions in Michigan."
4294853,13415387,"kimberly-13415387","Kimberly Compagnoni is a dedicated Loan Officer at Comerica Bank, serving the Clinton Township, Michigan area. With her extensive experience in the mortgage industry, Kimberly guides individuals and families through the home financing process with ease. She is committed to providing personalized solutions and exceptional service to help clients achieve their homeownership dreams."
4017992,13415388,"david-13415388","David Evans is a dedicated Loan Officer at Platinum Home Lending, Inc., serving the Mill Creek, Washington area. With a commitment to helping clients achieve their homeownership dreams, David leverages his expertise to guide individuals and families through the complexities of the mortgage process. He is passionate about providing personalized solutions and exceptional service to every client."
4218788,13415389,"ahmad-13415389","Ahmad Hage is a dedicated Loan Officer at Extreme Loans LLC, located in Southfield, Michigan. With NMLS #2439996, Ahmad expertly guides clients through the mortgage process, providing tailored solutions to meet their unique needs. His commitment to exceptional service and in-depth knowledge ensures a smooth and successful lending experience for every client."
7386497,13415390,"ahmad-13415390","Ahmad Alkahwaji is a dedicated Mortgage Broker at UIF Corporation, serving the Southfield, Michigan area. With a commitment to helping clients achieve their homeownership dreams, Ahmad expertly guides individuals through the complexities of the mortgage process. He leverages his in-depth knowledge of the lending landscape to secure optimal financing solutions for each client's unique needs."
7386487,13415392,"abdelali-13415392","Abdelali Rafiq is a dedicated mortgage broker at UIF Corporation in Southfield, Michigan, committed to helping clients navigate the complexities of the mortgage process. With extensive experience in the industry, Abdelali provides personalized solutions and expert guidance to secure the best possible financing options. His focus is on building lasting relationships and ensuring a smooth, stress-free experience for every client seeking to achieve their homeownership dreams in the Southfield area."
4271442,13415393,"donald-13415393","Donald Fowler is a seasoned loan officer at Comerica Bank, bringing extensive experience in the mortgage industry to clients in Clinton Township, Michigan. He is dedicated to helping individuals and families navigate the complexities of home financing with tailored solutions. Donald's expertise and commitment to client satisfaction make him a trusted resource for all mortgage needs in the Metro Detroit area."
4114248,13415394,"brandice-13415394","Brandice Rheeder is a dedicated Loan Officer with Comerica Bank, NMLS # 538169, serving the Clinton Township, Michigan area. With extensive experience in the mortgage industry, Brandice expertly guides clients through the loan process, ensuring they find the perfect financing solution for their homeownership goals. Her commitment to exceptional service and in-depth knowledge makes her a trusted advisor for individuals and families seeking to navigate the complexities of the mortgage landscape."
4039917,13415396,"gina-13415396","Gina Impastato is a dedicated Loan Officer at Fifth Third Bank, NMLS # 2216524, serving the Clinton Township, Michigan area. With her extensive knowledge of the mortgage industry, Gina guides her clients through the complexities of home financing with ease. She is committed to providing personalized solutions and exceptional service to help individuals and families achieve their homeownership goals in Michigan."
4271370,13415399,"andrea-13415399","Andrea Raffin is a dedicated Loan Officer at Comerica Bank in Clinton Township, Michigan, committed to helping clients navigate the complexities of the mortgage process. With NMLS #2420590, Andrea leverages her extensive knowledge and experience to provide tailored solutions that meet each client's unique needs and financial goals. Her focus is on delivering exceptional service and building lasting relationships within the community. Residents of Clinton Township and surrounding areas can rely on Andrea for expert guidance and support in achieving their homeownership dreams."
4230777,13415400,"crystal-13415400","Crystal Dennis is a seasoned Loan Officer at FreeStar Financial Credit Union in Clinton Township, Michigan, dedicated to helping clients achieve their homeownership dreams. With NMLS # 537868, Crystal leverages her extensive mortgage expertise to guide individuals and families through the loan process with ease. She is committed to providing personalized solutions and exceptional service to meet each client's unique financial needs."
4032429,13415401,"afton-13415401","Afton Smith is a dedicated Loan Officer at PNC Bank, N.A., located in Southfield, Michigan. With the NMLS # 1831339, Afton leverages her extensive knowledge of the mortgage industry to guide clients through the lending process with ease. She is committed to helping individuals and families achieve their homeownership dreams in the Southfield area."
7188275,13415402,"jarrod-ploof-304843","Jarrod Ploof is a dedicated Loan Officer at Polaris Home Loans, LLC, serving the Springfield, Massachusetts, area. With a commitment to helping clients navigate the complexities of the mortgage process, Jarrod provides expert guidance and personalized solutions. Clients can rely on Jarrod's expertise to achieve their homeownership dreams in the Springfield area."
4302988,13415404,"bonita-13415404","Bonita Eliya is a dedicated Loan Officer (NMLS # 1742240) assisting individuals and families with their mortgage needs in Michigan. With her extensive knowledge and personalized approach, Bonita guides clients through every step of the loan process, ensuring a smooth and informed experience. Whether you're a first-time homebuyer or looking to refinance, Bonita is committed to finding the best solutions to achieve your financial goals in the Michigan area."
4175995,13415405,"crystal-13415405","Crystal Reed is a dedicated Loan Officer with Extra Credit Union, assisting clients in Warren, Michigan, with their mortgage needs. Backed by NMLS #2457659, Crystal offers expert guidance and personalized solutions to help individuals and families achieve their homeownership goals. With a commitment to exceptional service, she strives to make the mortgage process smooth and understandable for every client."
4300749,13415406,"alyssa-13415406","Alyssa Reid is a knowledgeable loan officer at First State Bank, assisting clients in Clinton Twp, Michigan, with their mortgage needs. With the NMLS # 2263222, Alyssa expertly guides individuals through the lending process, providing tailored solutions and exceptional service. Her commitment to understanding each client's unique situation ensures a smooth and successful path to homeownership."
4224720,13415408,"dolores-13415408","Dolores Oparka is a seasoned Loan Officer at First Merchants Bank, serving the Birmingham, Michigan area. With extensive experience in the mortgage industry, Dolores is dedicated to helping clients navigate the complexities of home financing. She leverages her expertise to provide tailored solutions and exceptional service to each customer, ensuring a smooth and successful loan process."
7190718,13415409,"justin-dolkowski-305975","Justin Dolkowski is a seasoned loan officer at Mortgage Depot LLC, serving the Bingham Farms, Michigan area. With extensive experience in the mortgage industry, Justin expertly guides clients through the complexities of securing the right financing for their dream homes. His dedication to providing personalized service and in-depth knowledge makes him a trusted advisor for all mortgage needs in Michigan."
4110639,13415410,"joseph-13415410","Joseph Denha is a dedicated Loan Officer at Estate Financial LLC, serving the West Bloomfield, Michigan area. With years of experience in the mortgage industry, Joseph specializes in helping clients secure the ideal financing solution for their needs. He expertly guides borrowers through a variety of loan programs, including Conventional, FHA, Jumbo, VA, and USDA options, ensuring a smooth and informed home-buying experience."
7192957,13415411,"luisa-d-angelo-192191","Luisa D'Angelo is a dedicated Loan Officer at LENDirect Mortgage, Inc., serving the Berlin, Connecticut, community. With her expertise in the mortgage industry, Luisa guides clients through the loan process with ease, providing tailored solutions to meet their individual needs. Clients can rely on Luisa's commitment to finding the best mortgage options available."
4169808,13415412,"christianne-13415412","Christianne Wozniak is a dedicated Loan Officer based in Michigan, committed to guiding individuals and families through the complexities of the mortgage process. With her extensive knowledge and personalized approach, Christianne helps clients navigate their financing options to find the perfect loan solutions. Whether you're a first-time homebuyer or looking to refinance, Christianne provides expert support every step of the way."
4135558,13415413,"anne-13415413","Anne Locher is a dedicated Loan Officer at Fifth Third Bank in Shelby Township, Michigan, committed to helping clients navigate the complexities of the mortgage process. With her extensive knowledge and personalized approach, Anne expertly guides individuals and families toward their homeownership goals. She provides tailored mortgage solutions with a focus on excellent customer service in the Shelby Township, MI area."
4212647,13415414,"joshua-13415414","Joshua Stern is a dedicated Loan Officer at Family Equity, Inc., NMLS # 121691, serving the Bingham Farms, Michigan area. With his extensive knowledge of the mortgage industry, Joshua guides individuals and families through the complexities of the loan process with ease. He is committed to providing personalized solutions and helping his clients achieve their homeownership dreams in and around Bingham Farms."
7200290,13415415,"steven-geryk-289789","Steven Geryk is a seasoned Loan Officer at State Finance Company, Inc., serving the Stafford Springs, Connecticut, area. With expertise in a variety of loan options, including Conventional, FHA, USDA, Jumbo, and VA loans, Steven is dedicated to helping clients find the perfect mortgage solution. His commitment to personalized service ensures a smooth and informed home-financing experience for every borrower."
4234405,13415416,"bridgette-13415416","Bridgette Velliky is a trusted loan officer based in Michigan, dedicated to guiding individuals and families through the mortgage process with ease. With extensive knowledge of the Michigan housing market, Bridgette provides tailored solutions to help clients achieve their homeownership dreams. Her commitment to exceptional service and personalized attention makes her a valuable asset for anyone seeking mortgage assistance in Michigan."
4287393,13415417,"anthony-13415417","Anthony Sadosky is a dedicated Loan Officer at Fifth Third Bank, NMLS # 2219593, committed to helping clients navigate the complexities of the mortgage process. Based in Washington, Michigan, Anthony expertly guides individuals and families through various loan options to find the perfect fit for their needs. With a focus on personalized service, he strives to make the dream of homeownership a reality for his clients throughout Michigan."
7194733,13415418,"michael-gilbert-312333","Michael Gilbert is a dedicated Loan Officer at Seattle Mortgage Brokers LLC, assisting clients in Auburn, Washington, with their home financing needs. With extensive experience in the mortgage industry, Michael provides tailored solutions and expert guidance throughout the loan process. Whether you're a first-time homebuyer or looking to refinance, Michael is committed to helping you achieve your property goals."
3998371,13415419,"adele-13415419","Adele Stallworth is a knowledgeable Loan Officer at FreeStar Financial Credit Union in Clinton Township, Michigan, dedicated to helping clients navigate the mortgage process. With the NMLS # 1578622, Adele offers expert guidance and personalized solutions to secure the best financing options for your homeownership dreams. Her commitment to exceptional service ensures a smooth and stress-free experience for every client."
7195034,13415420,"mike-bailey-308680","Michael Bailey is a dedicated Loan Officer at New Horizons Home Finance, LLC, located in Hazel Park, Michigan. With the NMLS # 1228385 and license # 59856, Michael expertly guides clients through a variety of loan options, including Conventional, FHA, USDA, Jumbo, and VA loans, to find the perfect fit for their needs. His commitment to providing personalized service ensures a smooth and successful home financing experience for every client."
4102104,13415421,"frances-13415421","Frances Nguyen is a dedicated Loan Officer at NEXA Mortgage, serving the Sammamish, Washington area. With expertise in a variety of loan programs, including Conventional, FHA, USDA, Jumbo, and VA, Frances helps clients navigate the complexities of the mortgage process. Her commitment to finding the right loan solutions makes her a trusted resource for homebuyers and those looking to refinance."
7180947,13415422,"branden-etta-295906","Branden Etta is a dedicated Loan Officer at MortgagePros, LLC, serving the Troy, Michigan, area. With his extensive knowledge of the mortgage industry, Branden guides clients through every step of the loan process with personalized attention. He is committed to helping individuals and families achieve their homeownership dreams in and around Troy, MI."
7190332,13415423,"joshua-13415423","Joshua Standley is a dedicated Loan Officer at CTC Mortgage Services, LLC, located in Seattle, Washington. With his comprehensive understanding of the mortgage landscape, Joshua guides clients through the loan process with ease. He is committed to providing tailored solutions to help individuals and families achieve their homeownership dreams in the Seattle area."
7186433,13415424,"geoffrey-stocki-301186","Geoffrey Stocki is a dedicated Loan Officer at New Horizons Home Finance, LLC, located in Hazel Park, Michigan. With a focus on helping clients achieve their homeownership dreams, Geoffrey offers a wide array of mortgage solutions, including Conventional, FHA, USDA, Jumbo, and VA loans. His expertise and commitment to personalized service make him a trusted advisor for individuals and families navigating the mortgage process in Michigan."
4129691,13415427,"nozmul-13415427","Nozmul Hoque is a dedicated Loan Officer at PNC Bank, N.A., located in Hamtramck, Michigan, committed to helping clients navigate the mortgage process with ease. With NMLS #2251809, Nozmul provides expert guidance and personalized solutions to meet each client's unique home financing needs. His experience and customer-focused approach make him a trusted resource for individuals and families in the Hamtramck area seeking to achieve their homeownership dreams."
4288446,13415428,"juanita-13415428","Juanita Robbins is a seasoned loan officer at PNC Bank, N.A., serving the Hazel Park, Michigan community with dedication and expertise. With the NMLS # 576215, Juanita guides her clients through the mortgage process, providing tailored solutions to meet their individual needs. Her commitment to exceptional service ensures a smooth and informed experience for every homebuyer."
4051260,13415429,"victor-13415429","Victor Lopez is a dedicated Loan Officer at Motto Mortgage Group, assisting clients in Edmonds, Washington, with their mortgage needs. Victor is committed to guiding individuals and families through the complexities of home financing with personalized solutions. Available Monday through Friday from 9 AM to 5 PM, he provides expert advice and support to help clients achieve their property ownership dreams."
4043683,13415430,"leslie-13415430","Leslie Mason is a dedicated Loan Officer at PNC Bank, N.A., located in Hazel Park, Michigan, committed to guiding individuals through the mortgage process with ease. With the NMLS # 1451201, Leslie offers expert advice and personalized solutions to help clients achieve their homeownership dreams. Her extensive knowledge of the local market and commitment to customer satisfaction make her a trusted resource for all mortgage needs in the Hazel Park area."
7185574,13415432,"eric-13415432","Eric Tai is a seasoned loan officer at Mount Diablo Lending, bringing extensive expertise in the mortgage industry to clients in Walnut Creek, California. With NMLS # 292880, Eric is dedicated to helping individuals and families navigate the complexities of home financing with personalized solutions. His commitment to providing exceptional service and in-depth knowledge ensures a smooth and successful lending experience for every client."
4250780,13415433,"erin-13415433","Erin Weller is a dedicated Loan Officer at Next Door Lending, assisting clients in Bingham Farms, Michigan, with their mortgage needs. With her extensive experience, Erin guides individuals and families through the complexities of the home buying process, ensuring they secure the best possible financing options. Clients can rely on Erin's expertise and personalized service to achieve their homeownership dreams in the Michigan area."
4307424,13415435,"evan-13415435","Evan St. Juliana is a dedicated Loan Officer at Next Door Lending LLC, located in Bingham Farms, Michigan. With NMLS #2426839, Evan expertly guides clients through the mortgage process, providing tailored solutions to meet their unique needs. His commitment to exceptional service and in-depth knowledge of the lending landscape ensures a smooth and confident experience for every client."
