"id","profile_id","vertical","source_name","field_score","field_perc","created_at","updated_at"
1033273,13415332,"Mortgage","lendingtree.com",8,17.39,"2025-11-18","2026-09-23"
9562926,13415334,"Mortgage","lendingtree.com",3,6.52,"2026-03-17","2026-04-30"
986364,13415335,"Mortgage","lendingtree.com",8,17.39,"2025-11-18","2026-09-18"
1436433,13415337,"Mortgage","mortgagematchup.com",19,41.3,"2025-11-20",NULL
1001269,13415337,"Mortgage","lendingtree.com",8,17.39,"2025-11-18","2026-09-19"
16207651,13415338,"Mortgage","zillow.com",16,34.78,"2026-07-19","2026-09-19"
1062145,13415338,"Mortgage","lendingtree.com",8,17.39,"2025-11-18","2026-03-18"
1437368,13415339,"Mortgage","mortgagematchup.com",16,34.78,"2025-11-20",NULL
986387,13415339,"Mortgage","lendingtree.com",8,17.39,"2025-11-18","2026-04-18"
986370,13415340,"Mortgage","lendingtree.com",8,17.39,"2025-11-18","2026-09-18"
987036,13415341,"Mortgage","lendingtree.com",8,17.39,"2025-11-18","2026-09-18"
9587286,13415342,"Mortgage","lendingtree.com",3,6.52,"2026-03-17","2026-04-30"
9417269,13415344,"Mortgage","lendingtree.com",3,6.52,"2026-03-17","2026-04-30"
1062274,13415345,"Mortgage","lendingtree.com",8,17.39,"2025-11-18","2026-09-19"
986877,13415346,"Mortgage","lendingtree.com",8,17.39,"2025-11-18","2026-09-18"
17720,13415346,"Mortgage","zillow.com",16,34.78,"2025-10-24","2026-09-19"
1442024,13415347,"Mortgage","mortgagematchup.com",11,23.91,"2025-11-20",NULL
1062516,13415347,"Mortgage","lendingtree.com",8,17.39,"2025-11-18","2026-09-19"
986757,13415348,"Mortgage","lendingtree.com",8,17.39,"2025-11-18","2026-09-18"
1442039,13415349,"Mortgage","mortgagematchup.com",11,23.91,"2025-11-20",NULL
1062255,13415349,"Mortgage","lendingtree.com",8,17.39,"2025-11-18","2026-09-19"
998855,13415350,"Mortgage","lendingtree.com",8,17.39,"2025-11-18","2026-09-19"
9225494,13415351,"Mortgage","lendingtree.com",3,6.52,"2026-03-17","2026-04-30"
1441760,13415352,"Mortgage","mortgagematchup.com",11,23.91,"2025-11-20",NULL
10634269,13415352,"Mortgage","zillow.com",11,23.91,"2026-04-09",NULL
995159,13415353,"Mortgage","lendingtree.com",8,17.39,"2025-11-18","2026-09-18"
9061994,13415354,"Mortgage","lendingtree.com",3,6.52,"2026-03-17","2026-04-30"
1441658,13415355,"Mortgage","mortgagematchup.com",16,34.78,"2025-11-20",NULL
33005,13415356,"Mortgage","zillow.com",16,34.78,"2025-10-25","2026-09-22"
1036218,13415356,"Mortgage","lendingtree.com",8,17.39,"2025-11-18","2026-09-19"
1035019,13415358,"Mortgage","lendingtree.com",8,17.39,"2025-11-18","2026-09-19"
987838,13415359,"Mortgage","lendingtree.com",8,17.39,"2025-11-18","2026-09-18"
1114472,13415361,"Mortgage","lendingtree.com",8,17.39,"2025-11-18","2026-05-18"
986359,13415362,"Mortgage","lendingtree.com",8,17.39,"2025-11-18","2026-09-18"
1286586,13415363,"Mortgage","mortgagematchup.com",17,36.96,"2025-11-18","2025-11-20"
1050204,13415363,"Mortgage","lendingtree.com",8,17.39,"2025-11-18","2026-09-22"
987803,13415364,"Mortgage","lendingtree.com",8,17.39,"2025-11-18","2026-09-18"
1087586,13415365,"Mortgage","lendingtree.com",8,17.39,"2025-11-18","2026-09-19"
9587319,13415366,"Mortgage","lendingtree.com",8,17.39,"2026-03-17","2026-04-30"
951038,13415366,"Mortgage","mortgagematchup.com",13,28.26,"2025-11-18",NULL
59999,13415367,"Mortgage","zillow.com",15,32.61,"2025-10-25","2026-09-22"
34899,13415368,"Mortgage","zillow.com",11,23.91,"2025-10-25","2026-09-21"
10755192,13415368,"Mortgage","lendingtree.com",8,17.39,"2026-04-18","2026-08-22"
9478340,13415369,"Mortgage","lendingtree.com",3,6.52,"2026-03-17","2026-04-30"
9100918,13415371,"Mortgage","lendingtree.com",3,6.52,"2026-03-17","2026-04-30"
1442157,13415372,"Mortgage","mortgagematchup.com",12,26.09,"2025-11-20",NULL
1054398,13415372,"Mortgage","lendingtree.com",8,17.39,"2025-11-18","2026-01-18"
988125,13415373,"Mortgage","lendingtree.com",8,17.39,"2025-11-18","2026-09-18"
990072,13415374,"Mortgage","lendingtree.com",8,17.39,"2025-11-18","2026-09-18"
9234597,13415375,"Mortgage","lendingtree.com",3,6.52,"2026-03-17","2026-04-30"
1442055,13415376,"Mortgage","mortgagematchup.com",17,36.96,"2025-11-20",NULL
1058311,13415376,"Mortgage","lendingtree.com",8,17.39,"2025-11-18","2026-09-19"
990463,13415377,"Mortgage","lendingtree.com",8,17.39,"2025-11-18","2026-09-18"
988691,13415378,"Mortgage","lendingtree.com",8,17.39,"2025-11-18","2026-05-18"
985543,13415379,"Mortgage","lendingtree.com",8,17.39,"2025-11-18","2026-09-18"
938603,13415381,"Mortgage","mortgagematchup.com",12,26.09,"2025-11-18",NULL
999238,13415381,"Mortgage","lendingtree.com",8,17.39,"2025-11-18","2026-09-19"
2882,13415382,"Mortgage","zillow.com",14,30.43,"2025-10-24","2026-09-19"
1003612,13415382,"Mortgage","lendingtree.com",8,17.39,"2025-11-18","2026-09-19"
946771,13415384,"Mortgage","mortgagematchup.com",13,28.26,"2025-11-18","2025-11-20"
984827,13415384,"Mortgage","lendingtree.com",8,17.39,"2025-11-18","2026-09-18"
62761,13415385,"Mortgage","zillow.com",13,28.26,"2025-10-25","2026-08-22"
9575664,13415386,"Mortgage","lendingtree.com",3,6.52,"2026-03-17","2026-04-30"
9109982,13415387,"Mortgage","lendingtree.com",3,6.52,"2026-03-17","2026-04-30"
6332489,13415388,"Mortgage","lendingtree.com",8,17.39,"2025-12-18","2026-01-18"
986248,13415389,"Mortgage","lendingtree.com",8,17.39,"2025-11-18","2026-09-18"
986220,13415390,"Mortgage","lendingtree.com",8,17.39,"2025-11-18","2026-09-18"
1442444,13415391,"Mortgage","mortgagematchup.com",21,45.65,"2025-11-20",NULL
1085746,13415391,"Mortgage","lendingtree.com",8,17.39,"2025-11-18","2026-09-19"
1037806,13415392,"Mortgage","lendingtree.com",8,17.39,"2025-11-18","2026-09-19"
9572156,13415393,"Mortgage","lendingtree.com",3,6.52,"2026-03-17","2026-04-30"
989944,13415394,"Mortgage","lendingtree.com",8,17.39,"2025-11-18","2026-09-18"
9255192,13415395,"Mortgage","lendingtree.com",5,10.87,"2026-03-17","2026-04-30"
990198,13415396,"Mortgage","lendingtree.com",3,6.52,"2025-11-18","2026-04-30"
990001,13415399,"Mortgage","lendingtree.com",8,17.39,"2025-11-18","2026-09-18"
990159,13415400,"Mortgage","lendingtree.com",8,17.39,"2025-11-18","2026-09-18"
986353,13415401,"Mortgage","lendingtree.com",8,17.39,"2025-11-18","2026-04-18"
953055,13415402,"Mortgage","mortgagematchup.com",11,23.91,"2025-11-18","2025-11-20"
1054857,13415402,"Mortgage","lendingtree.com",8,17.39,"2025-11-18","2025-12-18"
1114314,13415403,"Mortgage","lendingtree.com",8,17.39,"2025-11-18","2026-09-18"
19326,13415403,"Mortgage","zillow.com",13,28.26,"2025-10-24","2026-09-20"
9243288,13415404,"Mortgage","lendingtree.com",3,6.52,"2026-03-17","2026-04-30"
997101,13415405,"Mortgage","lendingtree.com",8,17.39,"2025-11-18","2026-09-19"
990141,13415406,"Mortgage","lendingtree.com",4,8.7,"2025-11-18","2026-09-18"
949748,13415407,"Mortgage","mortgagematchup.com",12,26.09,"2025-11-18",NULL
9375320,13415407,"Mortgage","lendingtree.com",8,17.39,"2026-03-17","2026-04-30"
984497,13415408,"Mortgage","lendingtree.com",8,17.39,"2025-11-18","2026-09-18"
1085929,13415409,"Mortgage","mortgagematchup.com",17,36.96,"2025-11-18","2025-11-20"
6737263,13415409,"Mortgage","lendingtree.com",8,17.39,"2026-01-18","2026-04-30"
1437953,13415410,"Mortgage","mortgagematchup.com",16,34.78,"2025-11-20",NULL
6738993,13415410,"Mortgage","lendingtree.com",8,17.39,"2026-01-18","2026-06-18"
953546,13415411,"Mortgage","mortgagematchup.com",12,26.09,"2025-11-18",NULL
1230430,13415411,"Mortgage","lendingtree.com",8,17.39,"2025-11-18","2026-09-22"
9416294,13415412,"Mortgage","lendingtree.com",3,6.52,"2026-03-17","2026-04-30"
9288281,13415413,"Mortgage","lendingtree.com",3,6.52,"2026-03-17","2026-04-30"
987519,13415414,"Mortgage","lendingtree.com",8,17.39,"2025-11-18","2026-07-18"
957603,13415415,"Mortgage","mortgagematchup.com",16,34.78,"2025-11-18","2025-11-20"
9298908,13415416,"Mortgage","lendingtree.com",3,6.52,"2026-03-17","2026-04-30"
999464,13415417,"Mortgage","lendingtree.com",8,17.39,"2025-11-18","2026-09-19"
1441312,13415418,"Mortgage","mortgagematchup.com",13,28.26,"2025-11-20",NULL
1057071,13415418,"Mortgage","lendingtree.com",8,17.39,"2025-11-18","2026-09-19"
990167,13415419,"Mortgage","lendingtree.com",8,17.39,"2025-11-18","2026-09-18"
1437518,13415420,"Mortgage","mortgagematchup.com",14,30.43,"2025-11-20",NULL
985587,13415420,"Mortgage","lendingtree.com",8,17.39,"2025-11-18","2026-09-18"
1441216,13415421,"Mortgage","mortgagematchup.com",16,34.78,"2025-11-20",NULL
1058196,13415421,"Mortgage","lendingtree.com",8,17.39,"2025-11-18","2026-01-18"
7928,13415422,"Mortgage","zillow.com",16,34.78,"2025-10-24","2026-09-19"
1036866,13415422,"Mortgage","lendingtree.com",8,17.39,"2025-11-18","2026-09-19"
1441520,13415423,"Mortgage","mortgagematchup.com",13,28.26,"2025-11-20",NULL
1051328,13415423,"Mortgage","lendingtree.com",8,17.39,"2025-11-18","2026-09-19"
1439057,13415424,"Mortgage","mortgagematchup.com",17,36.96,"2025-11-20",NULL
986836,13415424,"Mortgage","lendingtree.com",8,17.39,"2025-11-18","2026-09-18"
1131663,13415425,"Mortgage","lendingtree.com",11,23.91,"2025-11-18","2026-09-18"
1441718,13415426,"Mortgage","mortgagematchup.com",17,36.96,"2025-11-20",NULL
7040,13415426,"Mortgage","zillow.com",15,32.61,"2025-10-24","2026-08-21"
1016004,13415427,"Mortgage","lendingtree.com",8,17.39,"2025-11-18","2026-09-19"
986939,13415428,"Mortgage","lendingtree.com",8,17.39,"2025-11-18","2026-09-18"
1050747,13415429,"Mortgage","lendingtree.com",8,17.39,"2025-11-18","2026-08-18"
985773,13415430,"Mortgage","lendingtree.com",8,17.39,"2025-11-18","2026-08-18"
1441595,13415431,"Mortgage","mortgagematchup.com",19,41.3,"2025-11-20",NULL
1081585,13415431,"Mortgage","lendingtree.com",8,17.39,"2025-11-18","2026-09-19"
1285617,13415432,"Mortgage","lendingtree.com",7,15.22,"2025-11-18","2026-04-30"
946510,13415433,"Mortgage","mortgagematchup.com",14,30.43,"2025-11-18","2025-11-20"
9414358,13415433,"Mortgage","lendingtree.com",8,17.39,"2026-03-17","2026-04-30"
1442075,13415434,"Mortgage","mortgagematchup.com",17,36.96,"2025-11-20",NULL
941749,13415435,"Mortgage","mortgagematchup.com",13,28.26,"2025-11-18",NULL
987369,13415435,"Mortgage","lendingtree.com",8,17.39,"2025-11-18","2026-08-18"
