"id","profile_id","source_name","vertical","name","title","company_name","email1","phone","city","state","country","linkedin","created_at","updated_at"
2627193,13415332,"lendingtree.com","Mortgage","Anna Wilson",NULL,NULL,NULL,NULL,"Scottsdale","AZ","US",NULL,"2026-07-18","2026-09-23"
2227982,13415335,"lendingtree.com","Mortgage","Angelo Yaldo",NULL,NULL,NULL,NULL,"Southfield","MI","US",NULL,"2026-07-18","2026-09-18"
2237701,13415337,"lendingtree.com","Mortgage","Amil Massa",NULL,NULL,NULL,NULL,"Troy","MI","US",NULL,"2026-07-18","2026-09-19"
2857740,13415338,"zillow.com","Mortgage","kiran Veera","Loan Officer",NULL,NULL,"4257775500","Lewisville","TX","US",NULL,"2026-07-19","2026-09-19"
2228025,13415340,"lendingtree.com","Mortgage","Andrew Thwany",NULL,NULL,NULL,NULL,"Southfield","MI","US",NULL,"2026-07-18","2026-09-18"
2227072,13415341,"lendingtree.com","Mortgage","Amanda Buchanan",NULL,NULL,NULL,NULL,"Bingham Farms","MI","US",NULL,"2026-07-18","2026-09-18"
2304435,13415345,"lendingtree.com","Mortgage","Garwin Long",NULL,NULL,NULL,NULL,"Seattle","WA","US",NULL,"2026-07-18","2026-09-19"
2228231,13415346,"lendingtree.com","Mortgage","Anthony Grech",NULL,NULL,NULL,NULL,"Southfield","MI","US",NULL,"2026-07-18","2026-09-18"
2745027,13415346,"zillow.com","Mortgage","Tony Grech","Sr. Mortgage Loan Originator",NULL,NULL,"3136227383","Southfield","MI","US",NULL,"2026-07-19","2026-09-19"
2304335,13415347,"lendingtree.com","Mortgage","Honggang Fan",NULL,NULL,NULL,NULL,"Seattle","WA","US",NULL,"2026-07-18","2026-09-19"
2228562,13415348,"lendingtree.com","Mortgage","Ashley Kaplaniak",NULL,NULL,NULL,NULL,"Southfield","MI","US",NULL,"2026-07-18","2026-09-18"
2304289,13415349,"lendingtree.com","Mortgage","Helen Tian",NULL,NULL,NULL,NULL,"Seattle","WA","US",NULL,"2026-07-18","2026-09-19"
2243662,13415350,"lendingtree.com","Mortgage","Avianca Dalou",NULL,NULL,NULL,NULL,"Troy","MI","US",NULL,"2026-07-18","2026-09-19"
2234896,13415353,"lendingtree.com","Mortgage","Austin Hamama",NULL,NULL,NULL,NULL,"Madison Heights","MI","US",NULL,"2026-07-18","2026-09-18"
2283517,13415356,"lendingtree.com","Mortgage","Kelly Brusca",NULL,NULL,NULL,NULL,"Oxford","MI","US",NULL,"2026-07-18","2026-09-19"
2868428,13415356,"zillow.com","Mortgage","Kelly Barbara Brusca","Mortgage Broker",NULL,NULL,NULL,"Oxford","MI","US",NULL,"2026-07-19","2026-09-22"
2278525,13415358,"lendingtree.com","Mortgage","Ambure Kelley",NULL,NULL,NULL,NULL,"Farmington","MI","US",NULL,"2026-07-18","2026-09-19"
2228743,13415359,"lendingtree.com","Mortgage","Kristin Brocker",NULL,NULL,NULL,NULL,"Auburn Hills","MI","US",NULL,"2026-07-18","2026-09-18"
2229039,13415362,"lendingtree.com","Mortgage","Susan Dessert",NULL,NULL,NULL,NULL,"Fraser","MI","US",NULL,"2026-07-18","2026-09-18"
2577322,13415363,"lendingtree.com","Mortgage","Christal Bowlby",NULL,NULL,NULL,NULL,"Heber City","UT","US",NULL,"2026-07-18","2026-09-22"
2228770,13415364,"lendingtree.com","Mortgage","Sonya Woodley",NULL,NULL,NULL,NULL,"fraser","MI","US",NULL,"2026-07-18","2026-09-18"
2331419,13415365,"lendingtree.com","Mortgage","Terry Woodall",NULL,NULL,NULL,NULL,"Olympia","WA","US",NULL,"2026-07-18","2026-09-19"
2718137,13415367,"zillow.com","Mortgage","Karen Cooper-Green","Mortgage Loan Originator",NULL,NULL,"8104441072","Bingham Farms","MI","US",NULL,"2026-07-19","2026-09-22"
5816761,13415368,"lendingtree.com","Mortgage","Michael Addison",NULL,NULL,NULL,NULL,"Tiffin","OH","US",NULL,"2026-08-22","2026-08-22"
2827534,13415368,"zillow.com","Mortgage","Michael sean Addison","Mortgage Loan Officer",NULL,NULL,"2486051398","Maumee","OH","US",NULL,"2026-07-19","2026-09-21"
2229174,13415373,"lendingtree.com","Mortgage","Catherine McGregor",NULL,NULL,NULL,NULL,"Fraser","MI","US",NULL,"2026-07-18","2026-09-18"
2230985,13415374,"lendingtree.com","Mortgage","Melanie Bender",NULL,NULL,NULL,NULL,"Clinton Township","MI","US",NULL,"2026-07-18","2026-09-18"
2298828,13415376,"lendingtree.com","Mortgage","Isaac Rivelle",NULL,NULL,NULL,NULL,"Seattle","WA","US",NULL,"2026-07-18","2026-09-19"
2230972,13415377,"lendingtree.com","Mortgage","Lisa Lewis",NULL,NULL,NULL,NULL,"Clinton Township","MI","US",NULL,"2026-07-18","2026-09-18"
2226701,13415379,"lendingtree.com","Mortgage","Marla Zwiesele",NULL,NULL,NULL,NULL,"Eastpointe","MI","US",NULL,"2026-07-18","2026-09-18"
2243742,13415381,"lendingtree.com","Mortgage","Alan Kiryakoza",NULL,NULL,NULL,NULL,"Troy","MI","US",NULL,"2026-07-18","2026-09-19"
2247096,13415382,"lendingtree.com","Mortgage","Alaa Tawil",NULL,NULL,NULL,NULL,"Livonia","MI","US",NULL,"2026-07-18","2026-09-19"
2880262,13415382,"zillow.com","Mortgage","Alaa Monah Tawil","Mortgage Broker",NULL,NULL,"3134701054","Dearborn","MI","US",NULL,"2026-07-19","2026-09-19"
2226018,13415384,"lendingtree.com","Mortgage","Alex Jamoua",NULL,NULL,NULL,NULL,"Clawson","MI","US",NULL,"2026-07-18","2026-09-18"
2900120,13415385,"zillow.com","Mortgage","Eric Douglas Freeman","Senior Vice President -",NULL,NULL,"2067185928","Seattle","WA","US",NULL,"2026-07-19","2026-08-22"
2227799,13415389,"lendingtree.com","Mortgage","Ahmad Hage",NULL,NULL,NULL,NULL,"Southfield","MI","US",NULL,"2026-07-18","2026-09-18"
2227805,13415390,"lendingtree.com","Mortgage","Ahmad Alkahwaji",NULL,NULL,NULL,NULL,"Southfield","MI","US",NULL,"2026-07-18","2026-09-18"
2314366,13415391,"lendingtree.com","Mortgage","Jessica Wells",NULL,NULL,NULL,NULL,"Lacey","WA","US",NULL,"2026-07-18","2026-09-19"
2280687,13415392,"lendingtree.com","Mortgage","Abdelali Rafiq",NULL,NULL,NULL,NULL,"Columbia","SC","US",NULL,"2026-07-18","2026-09-19"
2230571,13415394,"lendingtree.com","Mortgage","Brandice Rheeder",NULL,NULL,NULL,NULL,"Clinton Township","MI","US",NULL,"2026-07-18","2026-09-18"
2230541,13415399,"lendingtree.com","Mortgage","Andrea Raffin",NULL,NULL,NULL,NULL,"Clinton Township","MI","US",NULL,"2026-07-18","2026-09-18"
2229438,13415400,"lendingtree.com","Mortgage","Crystal Dennis",NULL,NULL,NULL,NULL,"Clinton Township","MI","US",NULL,"2026-07-18","2026-09-18"
6412658,13415403,"lendingtree.com","Mortgage","Adam Jajou",NULL,NULL,NULL,NULL,"Southfield","MI","US",NULL,"2026-09-18","2026-09-18"
2788144,13415403,"zillow.com","Mortgage","Adam Masood Jajou","Branch Manager",NULL,NULL,"2489102532","Southfield","MI","US",NULL,"2026-07-19","2026-09-20"
2245893,13415405,"lendingtree.com","Mortgage","Crystal Reed",NULL,NULL,NULL,NULL,"Warren","MI","US",NULL,"2026-07-18","2026-09-19"
2229506,13415406,"lendingtree.com","Mortgage","Alyssa Reid",NULL,NULL,NULL,NULL,"Clinton Twp","MI","US",NULL,"2026-07-18","2026-09-18"
5695011,13415408,"lendingtree.com","Mortgage","Dolores Oparka",NULL,NULL,NULL,NULL,"Birmingham","MI","US",NULL,"2026-08-18","2026-09-18"
2572322,13415411,"lendingtree.com","Mortgage","Luisa D'Angelo",NULL,NULL,NULL,NULL,"SARASOTA","FL","US",NULL,"2026-07-18","2026-09-22"
2226624,13415414,"lendingtree.com","Mortgage","Joshua Stern",NULL,NULL,NULL,NULL,"Bingham Farms","MI","US",NULL,"2026-07-18","2026-07-18"
2245785,13415417,"lendingtree.com","Mortgage","Anthony Sadosky",NULL,NULL,NULL,NULL,"Washington","MI","US",NULL,"2026-07-18","2026-09-19"
2303033,13415418,"lendingtree.com","Mortgage","Michael Gilbert",NULL,NULL,NULL,NULL,"Burien","WA","US",NULL,"2026-07-18","2026-09-19"
2230628,13415419,"lendingtree.com","Mortgage","Adele Stallworth",NULL,NULL,NULL,NULL,"Clinton Township","MI","US",NULL,"2026-07-18","2026-09-18"
2229126,13415420,"lendingtree.com","Mortgage","Michael Bailey",NULL,NULL,NULL,NULL,"Hazel Park","MI","US",NULL,"2026-07-18","2026-09-18"
2282746,13415422,"lendingtree.com","Mortgage","Branden Etta",NULL,NULL,NULL,NULL,"Novi","MI","US",NULL,"2026-07-18","2026-09-19"
2855198,13415422,"zillow.com","Mortgage","Branden Christopher Etta","Loan Officer",NULL,NULL,"2485208363","Novi","MI","US",NULL,"2026-07-19","2026-09-19"
2289484,13415423,"lendingtree.com","Mortgage","Joshua Standley",NULL,NULL,NULL,NULL,"Lynnwood","WA","US",NULL,"2026-07-18","2026-09-19"
2229147,13415424,"lendingtree.com","Mortgage","Geoffrey Stocki",NULL,NULL,NULL,NULL,"Hazel Park","MI","US",NULL,"2026-07-18","2026-09-18"
2416824,13415425,"lendingtree.com","Mortgage","Marcelino Dabish",NULL,NULL,NULL,NULL,"Bingham Farms","MI","US",NULL,"2026-07-18","2026-09-18"
2885709,13415426,"zillow.com","Mortgage","Hien Phan","Mortgage Advisor",NULL,NULL,NULL,"Seattle","WA","US",NULL,"2026-07-19","2026-08-21"
2262029,13415427,"lendingtree.com","Mortgage","Nozmul Hoque",NULL,NULL,NULL,NULL,"Hamtramck","MI","US",NULL,"2026-07-18","2026-09-19"
2229334,13415428,"lendingtree.com","Mortgage","Juanita Robbins",NULL,NULL,NULL,NULL,"Hazel Park","MI","US",NULL,"2026-07-18","2026-09-18"
2312681,13415429,"lendingtree.com","Mortgage","Victor Lopez Alba",NULL,NULL,NULL,NULL,"Everett","WA","US",NULL,"2026-07-18","2026-08-18"
2229366,13415430,"lendingtree.com","Mortgage","Leslie Mason",NULL,NULL,NULL,NULL,"hazel park","MI","US",NULL,"2026-07-18","2026-08-18"
2325037,13415431,"lendingtree.com","Mortgage","Marc Hendrickson",NULL,NULL,NULL,NULL,"Lake Tapps","WA","US",NULL,"2026-07-18","2026-09-19"
2227393,13415435,"lendingtree.com","Mortgage","Evan St. Juliana",NULL,NULL,NULL,NULL,"Bingham Farms","MI","US",NULL,"2026-07-18","2026-08-18"
