"id","profile_id","tier_id","source_name","vertical","name","email1","phone","city","state","country","priority","is_active","updated_at"
20319148,13415332,"10877","lendingtree.com","Mortgage","Central Mortgage Funding, LLC",NULL,NULL,"Southfield","MI","US",NULL,"1","2023-09-28"
20319149,13415333,NULL,"findamortgagebroker.com","Mortgage","C2 Financial Corporation, Seattle, WA Branch",NULL,"2067784999","Seattle","WA","US",NULL,"1","2023-08-24"
20319150,13415334,"7155","lendingtree.com","Mortgage","Comerica Bank",NULL,NULL,"Clinton Township","MI","US",NULL,"1","2023-09-28"
20319151,13415335,"10877","lendingtree.com","Mortgage","Central Mortgage Funding, LLC",NULL,NULL,"Southfield","MI","US",NULL,"1","2023-09-28"
20319152,13415336,"14332","findamortgagebroker.com","Mortgage","Accelin Loans LLC",NULL,"4255259797","Bothell","WA","US",NULL,"1","2023-09-29"
20319153,13415337,"10872","lendingtree.com","Mortgage","Extreme Loans LLC",NULL,NULL,"Southfield","MI","US",NULL,"1","2023-09-28"
20319154,13415338,NULL,"findamortgagebroker.com","Mortgage","eLink Mortgage",NULL,NULL,"Seattle","WA","US",NULL,"-1","2023-09-07"
20784936,13415338,"15218","lendingtree.com","Mortgage","eLink Mortgage LLC",NULL,NULL,"Seattle","WA","US",NULL,"1","2023-09-29"
20319155,13415339,"10950","lendingtree.com","Mortgage","Hantz Financial Services, Inc.",NULL,NULL,"Southfield","MI","US",NULL,"1","2023-09-28"
20319156,13415340,NULL,"lendingtree.com","Mortgage","Central Mortgage Funding, LLC",NULL,NULL,"Southfield","MI","US",NULL,"-1","2023-05-06"
20319157,13415341,"10874","lendingtree.com","Mortgage","United Mortgage Lending LLC",NULL,NULL,"Southfield","MI","US",NULL,"1","2023-09-28"
20319158,13415342,NULL,"lendingtree.com","Mortgage","Fifth Third Bank",NULL,NULL,"Clinton Township","MI","US",NULL,"-1","2023-06-24"
23012019,13415342,"7136","lendingtree.com","Mortgage","Fifth Third Bank",NULL,NULL,"Shelby Township","MI","US",NULL,"1","2023-09-28"
20784958,13415343,"15218","lendingtree.com","Mortgage","eLink Mortgage LLC",NULL,NULL,"Seattle","WA","US",NULL,"1","2023-09-29"
23343429,13415343,NULL,"findamortgagebroker.com","Mortgage","eLink Mortgage",NULL,NULL,"Seattle","WA","US",NULL,"-1","2023-09-07"
20319159,13415344,"10877","lendingtree.com","Mortgage","Central Mortgage Funding, LLC",NULL,NULL,"Southfield","MI","US",NULL,"1","2023-09-28"
20784957,13415345,"15218","lendingtree.com","Mortgage","eLink Mortgage LLC",NULL,NULL,"Seattle","WA","US",NULL,"1","2023-09-29"
22550867,13415345,NULL,"findamortgagebroker.com","Mortgage","eLink Mortgage",NULL,NULL,"Seattle","WA","US",NULL,"-1","2023-09-07"
20319160,13415346,"7113","crosscountrymortgage.com","Mortgage","CrossCountry Mortgage, LLC",NULL,"2484161173","Southfield","MI","US",NULL,"1","2023-10-03"
20784988,13415347,"15218","lendingtree.com","Mortgage","eLink Mortgage LLC",NULL,NULL,"Seattle","WA","US",NULL,"1","2023-09-29"
20319161,13415348,"10950","lendingtree.com","Mortgage","Hantz Financial Services, Inc.",NULL,NULL,"Southfield","MI","US",NULL,"1","2023-09-28"
20784943,13415349,"15218","lendingtree.com","Mortgage","eLink Mortgage LLC",NULL,NULL,"Seattle","WA","US",NULL,"1","2023-09-29"
20319162,13415350,"10877","lendingtree.com","Mortgage","Central Mortgage Funding, LLC",NULL,NULL,"Southfield","MI","US",NULL,"1","2023-09-28"
20319163,13415351,NULL,"lendingtree.com","Mortgage","Central Mortgage Funding, LLC",NULL,NULL,"Southfield","MI","US",NULL,"-1","2023-05-06"
20319164,13415352,NULL,"findamortgagebroker.com","Mortgage","Goodrate Mortgage LLC",NULL,"4252467780","Yarrow Point","WA","US",NULL,"-1","2023-08-27"
23838273,13415352,NULL,"nmlsconsumeraccess.org","Mortgage","General Mortgage Capital Corporation",NULL,NULL,"Burlingame","CA","US",NULL,"1","2023-09-07"
20319166,13415353,"10986","lendingtree.com","Mortgage","Mortgage Express, INC.",NULL,NULL,"Southfield","MI","US",NULL,"1","2023-09-28"
20325906,13415353,NULL,"findamortgagebroker.com","Mortgage","Mortgage Express",NULL,"7603967324","Riverside","CA","US",NULL,"-1","2023-08-18"
20319167,13415354,"10877","lendingtree.com","Mortgage","Central Mortgage Funding, LLC",NULL,NULL,"Southfield","MI","US",NULL,"1","2023-09-28"
20319168,13415355,NULL,"findamortgagebroker.com","Mortgage","Super T Financial Inc.",NULL,"2069400454","Ne Kirkland","WA","US",NULL,"1","2023-08-27"
20319169,13415356,NULL,"lendingtree.com","Mortgage","Next Door Lending LLC",NULL,NULL,"Bingham Farms","MI","US",NULL,"-1","2023-05-06"
22123752,13415356,"13106","lendingtree.com","Mortgage","Brick Financial Group LLC",NULL,NULL,"Oxford","MI","US",NULL,"1","2023-09-29"
20319170,13415357,NULL,"findamortgagebroker.com","Mortgage","Washington Discount Mortgage LLC",NULL,NULL,"Northeast Kirkland","WA","US",NULL,"1","2023-08-27"
20319171,13415358,"7578","lendingtree.com","Mortgage","Citizens Bank, N.A.",NULL,NULL,"Southfield","MI","US",NULL,"1","2023-09-28"
20319172,13415359,"10854","lendingtree.com","Mortgage","Genisys Credit Union",NULL,NULL,"Auburn Hills","MI","US",NULL,"1","2023-09-28"
20319173,13415360,NULL,"findamortgagebroker.com","Mortgage","Super T Financial Inc.",NULL,"2069400454","Ne Kirkland","WA","US",NULL,"-1","2023-08-25"
20779732,13415360,"14546","findamortgagebroker.com","Mortgage","Super T Financial Inc.",NULL,"2069400454","Ne Kirkland","WA","US",NULL,"1","2023-09-29"
20319174,13415361,NULL,"lendingtree.com","Mortgage","First Savings Bank",NULL,NULL,"Southfield","MI","US",NULL,"-1","2023-06-24"
23020078,13415361,"10322","lendingtree.com","Mortgage","Texana Bank, N.A.",NULL,NULL,"Keller","TX","US",NULL,"1","2023-09-29"
20319175,13415362,"7194","lendingtree.com","Mortgage","PNC Bank, N.A.",NULL,NULL,"Fraser","MI","US",NULL,"1","2023-09-28"
20319176,13415363,NULL,"findamortgagebroker.com","Mortgage","Super T Financial Inc.",NULL,"2069400454","Ne Kirkland","WA","US",NULL,"-1","2023-08-27"
20640646,13415363,"14546","findamortgagebroker.com","Mortgage","SmartLink Financial, LLC",NULL,"8018604622","South Heber City","UT","US",NULL,"1","2023-09-29"
23837903,13415363,NULL,"nmlsconsumeraccess.org","Mortgage","SmartLink Financial, LLC",NULL,NULL,"Heber City","UT","US",NULL,"-1","2023-09-07"
20319177,13415364,"7078","lendingtree.com","Mortgage","The Huntington National Bank",NULL,NULL,"Fraser","MI","US",NULL,"1","2023-09-28"
23796473,13415364,NULL,"nmlsconsumeraccess.org","Mortgage","The Huntington National Bank",NULL,NULL,"Fraser","MI","US",NULL,"-1","2023-09-05"
20319178,13415365,"11493","findamortgagebroker.com","Mortgage","Mortgage One Northwest Inc",NULL,"3608789448","Southwest Olympia","WA","US",NULL,"1","2023-09-29"
20792452,13415365,NULL,"lendingtree.com","Mortgage","Mortgage One Northwest Inc",NULL,NULL,"Olympia","WA","US",NULL,"-1","2023-05-10"
20319179,13415366,"10755","lendingtree.com","Mortgage","1st Securities Mortgage",NULL,NULL,"Bingham Farms","MI","US",NULL,"1","2023-09-28"
20319180,13415367,"10755","lendingtree.com","Mortgage","1st Securities Mortgage",NULL,NULL,"Bingham Farms","MI","US",NULL,"1","2023-09-28"
20319181,13415368,NULL,"findamortgagebroker.com","Mortgage","Washington Discount Mortgage LLC",NULL,NULL,"Northeast Kirkland","WA","US",NULL,"-1","2023-08-27"
20324078,13415368,NULL,"findamortgagebroker.com","Mortgage","Action Mortgage of Michigan, LLC",NULL,"2486208660","Clarkston","MI","US",NULL,"-1","2023-05-17"
22549000,13415368,NULL,"findamortgagebroker.com","Mortgage","Universal Mortgage Lending LLC",NULL,"2489104341","Northeast Grand Rapids","MI","US",NULL,"-1","2023-08-18"
23052991,13415368,"30670","lendingtree.com","Mortgage","Harmony Home Loans, LLC",NULL,NULL,"Las Vegas","NV","US",NULL,"1","2023-09-29"
20319182,13415369,"7194","lendingtree.com","Mortgage","PNC Bank, N.A.",NULL,NULL,"Fraser","MI","US",NULL,"1","2023-09-28"
20319183,13415370,NULL,"findamortgagebroker.com","Mortgage","Epic Finance LLC",NULL,"3607918064","Oak Harbor","WA","US",NULL,"-1","2023-05-17"
21625371,13415370,NULL,"crosscountrymortgage.com","Mortgage","CrossCountry Mortgage, LLC",NULL,NULL,"Anacortes","WA","US",NULL,"1","2023-06-07"
20319184,13415371,"7194","lendingtree.com","Mortgage","PNC Bank, N.A.",NULL,NULL,"Fraser","MI","US",NULL,"1","2023-09-28"
20319185,13415372,"14734","findamortgagebroker.com","Mortgage","All City Mortgage, LLC",NULL,"4254856509","Kenmore","WA","US",NULL,"1","2023-09-29"
20319186,13415373,"7194","lendingtree.com","Mortgage","PNC Bank, N.A.",NULL,NULL,"Fraser","MI","US",NULL,"1","2023-09-28"
20319188,13415374,"7578","lendingtree.com","Mortgage","Citizens Bank, N.A.",NULL,NULL,"Clinton Township","MI","US",NULL,"1","2023-09-28"
20319189,13415375,"7194","lendingtree.com","Mortgage","PNC Bank, N.A.",NULL,NULL,"Fraser","MI","US",NULL,"1","2023-09-28"
20319190,13415376,"14660","findamortgagebroker.com","Mortgage","CTC Mortgage Services, LLC",NULL,"2068995452","South West Seattle","WA","US",NULL,"1","2023-09-29"
20783972,13415376,NULL,"lendingtree.com","Mortgage","CTC Mortgage Services, LLC",NULL,NULL,"Seattle","WA","US",NULL,"-1","2023-05-10"
20319191,13415377,"7136","lendingtree.com","Mortgage","Fifth Third Bank",NULL,NULL,"Clinton Township","MI","US",NULL,"1","2023-09-28"
20319192,13415378,NULL,"lendingtree.com","Mortgage","Flagstar Bank, National Association",NULL,NULL,"Clinton Twp","MI","US",NULL,"-1","2023-05-06"
20319193,13415379,NULL,"lendingtree.com","Mortgage","The Huntington National Bank",NULL,NULL,"Clinton Township","MI","US",NULL,"-1","2023-05-06"
22100992,13415379,"7078","lendingtree.com","Mortgage","The Huntington National Bank",NULL,NULL,"Eastpointe","MI","US",NULL,"1","2023-09-28"
20319194,13415380,NULL,"findamortgagebroker.com","Mortgage","Washington Discount Mortgage LLC",NULL,NULL,"Northeast Kirkland","WA","US",NULL,"1","2023-08-27"
20707991,13415380,NULL,"lendingtree.com","Mortgage","Washington Discount Mortgage LLC",NULL,NULL,"San Diego","CA","US",NULL,"-1","2023-05-09"
20319195,13415381,"10877","lendingtree.com","Mortgage","Central Mortgage Funding, LLC",NULL,NULL,"Southfield","MI","US",NULL,"1","2023-09-28"
20319196,13415382,"10874","lendingtree.com","Mortgage","United Mortgage Lending LLC",NULL,NULL,"Southfield","MI","US",NULL,"1","2023-09-28"
20319197,13415383,NULL,"findamortgagebroker.com","Mortgage","NEXA Mortgage",NULL,"6023449333","Chandler","AZ","US",NULL,"-1","2023-08-25"
20793947,13415383,"7140","lendingtree.com","Mortgage","NEXA Mortgage, LLC",NULL,NULL,"Tenino","WA","US",NULL,"1","2023-09-29"
20319198,13415384,"10963","lendingtree.com","Mortgage","Mortgage One Funding LLC",NULL,NULL,"Southfield","MI","US",NULL,"1","2023-09-28"
20323451,13415384,NULL,"findamortgagebroker.com","Mortgage","Mortgage One Funding LLC",NULL,NULL,"Troy","MI","US",NULL,"-1","2023-08-18"
20319199,13415385,NULL,"findamortgagebroker.com","Mortgage","Arboretum Mortgage Corporation DBA Lakeview Mortgage Services",NULL,"2068609330","Seattle","WA","US",NULL,"1","2023-09-13"
20319200,13415386,"7155","lendingtree.com","Mortgage","Comerica Bank",NULL,NULL,"Clinton Township","MI","US",NULL,"1","2023-09-28"
20319201,13415387,"7155","lendingtree.com","Mortgage","Comerica Bank",NULL,NULL,"Clinton Township","MI","US",NULL,"1","2023-09-28"
20319202,13415388,NULL,"findamortgagebroker.com","Mortgage","Platinum Home Lending, Inc.",NULL,"4253326220","Southeast; Mill Creek","WA","US",NULL,"-1","2023-08-27"
20779276,13415388,"14384","lendingtree.com","Mortgage","Platinum Home Lending, Inc",NULL,NULL,"Mill Creek","WA","US",NULL,"1","2023-09-29"
20319203,13415389,"10872","lendingtree.com","Mortgage","Extreme Loans LLC",NULL,NULL,"Southfield","MI","US",NULL,"1","2023-09-28"
20319204,13415390,"9781","lendingtree.com","Mortgage","UIF Corporation",NULL,NULL,"Southfield","MI","US",NULL,"1","2023-09-28"
20319205,13415391,NULL,"findamortgagebroker.com","Mortgage","Clear Choice Mortgage, LLC",NULL,"2534422403","Northwest Olympia","WA","US",NULL,"-1","2023-08-25"
20792503,13415391,"16387","findamortgagebroker.com","Mortgage","Clear Choice Mortgage, LLC",NULL,"2534422403","Northwest Olympia","WA","US",NULL,"1","2023-09-29"
20319206,13415392,"9781","lendingtree.com","Mortgage","UIF Corporation",NULL,NULL,"Southfield","MI","US",NULL,"1","2023-09-28"
20319209,13415393,"7155","lendingtree.com","Mortgage","Comerica Bank",NULL,NULL,"Clinton Township","MI","US",NULL,"1","2023-09-28"
23772980,13415393,NULL,"nmlsconsumeraccess.org","Mortgage","Comerica Bank",NULL,NULL,"Clinton Township","MI","US",NULL,"-1","2023-09-04"
20319212,13415394,"7155","lendingtree.com","Mortgage","Comerica Bank",NULL,NULL,"Clinton Township","MI","US",NULL,"1","2023-09-28"
20319213,13415395,NULL,"lendingtree.com","Mortgage","Extreme Loans LLC",NULL,NULL,"Southfield","MI","US",NULL,"-1","2023-05-06"
20319214,13415396,"7136","lendingtree.com","Mortgage","Fifth Third Bank",NULL,NULL,"Clinton Township","MI","US",NULL,"1","2023-09-28"
20319215,13415397,NULL,"lendingtree.com","Mortgage","United Mortgage Lending LLC",NULL,NULL,"Southfield","MI","US",NULL,NULL,"2023-05-06"
20319216,13415398,NULL,"findamortgagebroker.com","Mortgage","Polaris Home Loans, LLC",NULL,"4133153427","Springfield","MA","US",NULL,"-1","2023-09-20"
20626130,13415398,"2422","fairwayindependentmc.com","Mortgage","Fairway Independent Mortgage Corporation",NULL,NULL,"Hadley","MA","US",NULL,"1","2023-10-03"
23846797,13415398,"7113","fairwayindependentmc.com","Mortgage","Fairway Independent Mortgage Corporation",NULL,NULL,"Enfield","CT","US",NULL,"-1","2023-09-19"
20319217,13415399,"7155","lendingtree.com","Mortgage","Comerica Bank",NULL,NULL,"Clinton Township","MI","US",NULL,"1","2023-09-28"
20319219,13415400,"10878","lendingtree.com","Mortgage","FreeStar Financial Credit Union",NULL,NULL,"Clinton Township","MI","US",NULL,"1","2023-09-28"
20319220,13415401,"7194","lendingtree.com","Mortgage","PNC Bank, N.A.",NULL,NULL,"Southfield","MI","US",NULL,"1","2023-09-28"
20319221,13415402,NULL,"findamortgagebroker.com","Mortgage","Polaris Home Loans, LLC",NULL,"4133153427","Springfield","MA","US",NULL,"-1","2023-05-09"
20632326,13415402,NULL,"churchillmortgage.com","Mortgage","CrossCountry Mortgage, LLC",NULL,NULL,NULL,NULL,"US",NULL,"-1","2023-05-08"
20319222,13415403,NULL,"lendingtree.com","Mortgage","First Savings Bank",NULL,"2489102532","Southfield","MI","US",NULL,"-1","2023-09-19"
23020069,13415403,"10322","lendingtree.com","Mortgage","Texana Bank, N.A.",NULL,NULL,"Keller","TX","US",NULL,"1","2023-09-29"
20319223,13415404,"10948","lendingtree.com","Mortgage","ZOOM MORTGAGE LENDING LLC",NULL,NULL,"Clinton Township","MI","US",NULL,"1","2023-09-28"
20319225,13415405,"10878","lendingtree.com","Mortgage","FreeStar Financial Credit Union",NULL,NULL,"Clinton Township","MI","US",NULL,"1","2023-09-28"
20319226,13415406,"7789","lendingtree.com","Mortgage","First State Bank",NULL,NULL,"Clinton Twp","MI","US",NULL,"1","2023-09-28"
20319228,13415407,"10741","lendingtree.com","Mortgage","Next Door Lending LLC",NULL,NULL,"Bingham Farms","MI","US",NULL,"1","2023-09-28"
20319229,13415408,"7136","lendingtree.com","Mortgage","Fifth Third Bank",NULL,NULL,"Clinton Township","MI","US",NULL,"1","2023-09-28"
20319230,13415409,"10763","lendingtree.com","Mortgage","Mortgage Depot LLC",NULL,NULL,"Bingham Farms","MI","US",NULL,"1","2023-09-28"
20319231,13415410,"10769","lendingtree.com","Mortgage","Instant Mortgage LLC",NULL,NULL,"Bingham  Farms","MI","US",NULL,"1","2023-09-28"
20319232,13415411,NULL,"findamortgagebroker.com","Mortgage","LENDirect Mortgage, Inc",NULL,"8608295363","Sarasota","FL","US",NULL,"1","2023-09-07"
20319233,13415412,NULL,"lendingtree.com","Mortgage","Fifth Third Bank",NULL,NULL,"Clinton Twp","MI","US",NULL,"-1","2023-06-24"
20319234,13415413,"7136","lendingtree.com","Mortgage","Fifth Third Bank",NULL,NULL,"Clinton Twp","MI","US",NULL,"1","2023-09-28"
20319235,13415414,"10770","lendingtree.com","Mortgage","Family Equity, Inc.",NULL,NULL,"Bingham Farms","MI","US",NULL,"1","2023-09-28"
20319236,13415415,NULL,"findamortgagebroker.com","Mortgage","State Finance Company, Inc.",NULL,NULL,"Shelton","CT","US",NULL,"1","2023-08-17"
20319237,13415416,"10975","lendingtree.com","Mortgage","People Driven Credit Union",NULL,NULL,"Southfield","MI","US",NULL,"1","2023-09-28"
20319238,13415417,"7136","lendingtree.com","Mortgage","Fifth Third Bank",NULL,NULL,"Clinton Township","MI","US",NULL,"1","2023-09-28"
20319239,13415418,NULL,"findamortgagebroker.com","Mortgage","Seattle Mortgage Brokers LLC",NULL,"2069925635","Burien","WA","US",NULL,"-1","2023-08-27"
20783235,13415418,"14950","lendingtree.com","Mortgage","Seattle Mortgage Brokers LLC",NULL,NULL,"Auburn","WA","US",NULL,"1","2023-09-29"
20319240,13415419,"10878","lendingtree.com","Mortgage","FreeStar Financial Credit Union",NULL,NULL,"Clinton Township","MI","US",NULL,"1","2023-09-28"
20319241,13415420,"10974","lendingtree.com","Mortgage","New Horizons Home Finance, LLC",NULL,NULL,"Hazel Park","MI","US",NULL,"1","2023-09-28"
20319242,13415421,NULL,"findamortgagebroker.com","Mortgage","NEXA Mortgage",NULL,"6023449333","Chandler","AZ","US",NULL,"-1","2023-08-27"
24142330,13415421,"7140","lendingtree.com","Mortgage","NEXA Mortgage, LLC",NULL,NULL,"Sammamish","WA","US",NULL,"1","2023-09-29"
20319243,13415422,"10980","lendingtree.com","Mortgage","Safeway Lending, LLC",NULL,NULL,"Southfield","MI","US",NULL,"1","2023-09-28"
20319244,13415423,NULL,"findamortgagebroker.com","Mortgage","CTC Mortgage Services, LLC",NULL,"2068995452","South West Seattle","WA","US",NULL,"-1","2023-08-24"
20784039,13415423,NULL,"lendingtree.com","Mortgage","CTC Mortgage Services, LLC",NULL,NULL,"Seattle","WA","US",NULL,"-1","2023-05-10"
22123599,13415423,"14660","lendingtree.com","Mortgage","CTC Mortgage Services, LLC",NULL,NULL,"Lynnwood","WA","US",NULL,"1","2023-09-29"
20319246,13415424,"10974","lendingtree.com","Mortgage","New Horizons Home Finance, LLC",NULL,NULL,"Hazel Park","MI","US",NULL,"1","2023-09-28"
20319247,13415425,NULL,"lendingtree.com","Mortgage","NATIONS MORTGAGE, LLC",NULL,"6198767454","Southfield","MI","US",NULL,"-1","2023-08-03"
20319248,13415426,NULL,"findamortgagebroker.com","Mortgage","Southern Birch Mortgage, Inc.",NULL,"2063955866","Seattle","WA","US",NULL,"1","2023-08-27"
20319249,13415427,"7194","lendingtree.com","Mortgage","PNC Bank, N.A.",NULL,NULL,"Hazel Park","MI","US",NULL,"1","2023-09-28"
20319250,13415428,"7194","lendingtree.com","Mortgage","PNC Bank, N.A.",NULL,NULL,"Hazel Park","MI","US",NULL,"1","2023-09-28"
20319251,13415429,NULL,"findamortgagebroker.com","Mortgage","Motto Mortgage Group",NULL,"4252180330","North Edmonds","WA","US",NULL,"-1","2023-08-27"
20778496,13415429,"14385","lendingtree.com","Mortgage","Josh Dean Group, LLC",NULL,NULL,"Edmonds","WA","US",NULL,"1","2023-09-29"
20319252,13415430,"7194","lendingtree.com","Mortgage","PNC Bank, N.A.",NULL,NULL,"Hazel Park","MI","US",NULL,"1","2023-09-28"
23662044,13415430,NULL,"nmlsconsumeraccess.org","Mortgage","PNC Bank, National Association",NULL,NULL,"Hazel Park","MI","US",NULL,"-1","2023-09-01"
20319253,13415431,NULL,"findamortgagebroker.com","Mortgage","Turn Two Mortgage",NULL,"2539511225","East Tacoma","WA","US",NULL,"-1","2023-08-27"
20792180,13415431,"16252","lendingtree.com","Mortgage","MPH Enterprises, LLC",NULL,NULL,"Tacoma","WA","US",NULL,"1","2023-09-29"
20319254,13415432,"10741","lendingtree.com","Mortgage","Next Door Lending LLC",NULL,NULL,"Bingham Farms","MI","US",NULL,"1","2023-09-28"
20319255,13415433,"10741","lendingtree.com","Mortgage","Next Door Lending LLC",NULL,NULL,"Bingham Farms","MI","US",NULL,"1","2023-09-28"
20319256,13415434,NULL,"findamortgagebroker.com","Mortgage","Super T Financial Inc.",NULL,"2069400454","Ne Kirkland","WA","US",NULL,"1","2023-08-27"
20319257,13415435,NULL,"lendingtree.com","Mortgage","Next Door Lending LLC",NULL,NULL,"Bingham Farms","MI","US",NULL,"-1","2023-05-06"
23008599,13415435,NULL,"lendingtree.com","Mortgage","Instant Loans, Inc",NULL,NULL,"Southfield","MI","US",NULL,"-1","2023-08-15"
