"location_id","tier_id","vertical","name","city","state","country","latitude","longitude","phone","email1","website","is_active","updated_at"
53070,122528,"Mortgage","U.S. Bank","Bellevue","WA","US",NULL,NULL,"4256372594",NULL,NULL,NULL,"2026-09-23"
58705,125162,"Mortgage","CrossCountry Mortgage, LLC","Southfield","MI","US",NULL,NULL,"2487031334",NULL,NULL,NULL,"2026-09-18"
85094,146821,"Mortgage","NEXA Mortgage","Chandler","AZ","US",NULL,NULL,"6023449333",NULL,"http://www.NEXAMortgage.com",NULL,"2026-09-23"
97171,150827,"Mortgage","Swift Home Loans, Inc.","Birmingham","MI","US",NULL,NULL,"2484161220",NULL,NULL,NULL,"2026-09-23"
97222,147183,"Mortgage","First Merchants Bank","Birmingham","MI","US",NULL,NULL,NULL,NULL,NULL,NULL,"2026-09-18"
97328,150885,"Mortgage","People Driven Credit Union","Southfield","MI","US",NULL,NULL,NULL,NULL,NULL,NULL,"2026-09-18"
97335,147546,"Mortgage","Citizens Bank, N.A.","Clinton Township","MI","US",NULL,NULL,NULL,NULL,NULL,NULL,"2026-09-18"
97336,147192,"Mortgage","PNC Bank, N.A.","Hazel Park","MI","US",NULL,NULL,NULL,NULL,NULL,NULL,"2026-09-18"
97341,150834,"Mortgage","Comerica Bank","Clinton Township","MI","US",NULL,NULL,NULL,NULL,NULL,NULL,"2026-09-18"
97342,150892,"Mortgage","Genisys Credit Union","Auburn Hills","MI","US",NULL,NULL,NULL,NULL,NULL,NULL,"2026-09-18"
97345,147109,"Mortgage","The Huntington National Bank","Fraser","MI","US",NULL,NULL,NULL,NULL,NULL,NULL,"2026-09-18"
97347,147192,"Mortgage","PNC Bank, N.A.","Fraser","MI","US",NULL,NULL,NULL,NULL,NULL,NULL,"2026-09-18"
97375,150888,"Mortgage","Michigan First Credit Union","Eastpointe","MI","US",NULL,NULL,NULL,NULL,NULL,NULL,"2026-09-18"
97429,150914,"Mortgage","Extreme Loans LLC","Southfield","MI","US",NULL,NULL,"2484250058",NULL,NULL,NULL,"2026-09-18"
97438,150919,"Mortgage","Hantz Financial Services, Inc.","Southfield","MI","US",NULL,NULL,"2483042855",NULL,NULL,NULL,"2026-09-18"
97440,150920,"Mortgage","Central Mortgage Funding, LLC","Southfield","MI","US",NULL,NULL,"8333021032",NULL,NULL,NULL,"2025-08-28"
97497,149768,"Mortgage","UIF Corporation","Southfield","MI","US",NULL,NULL,NULL,NULL,NULL,NULL,"2026-09-18"
97511,147192,"Mortgage","PNC Bank, N.A.","Southfield","MI","US",NULL,NULL,NULL,NULL,NULL,NULL,"2026-09-18"
97556,150968,"Mortgage","FreeStar Financial Credit Union","Clinton Township","MI","US",NULL,NULL,NULL,NULL,NULL,NULL,"2026-09-18"
97558,150970,"Mortgage","ZOOM MORTGAGE LENDING LLC","Clinton Township","MI","US",NULL,NULL,NULL,NULL,NULL,NULL,"2024-06-19"
97565,148467,"Mortgage","First State Bank","Clinton Twp","MI","US",NULL,NULL,NULL,NULL,NULL,NULL,"2026-09-18"
97605,150993,"Mortgage","New Horizons Home Finance, LLC","Hazel Park","MI","US",NULL,NULL,"2488906121",NULL,NULL,NULL,"2026-09-18"
97641,151010,"Mortgage","Next Door Lending LLC","Bingham Farms","MI","US",NULL,NULL,"2482676283",NULL,NULL,NULL,"2026-09-23"
97647,151014,"Mortgage","Mortgage Depot LLC","Bingham Farms","MI","US",NULL,NULL,"2489974934",NULL,NULL,NULL,"2026-09-23"
97725,151058,"Mortgage","Family Equity, Inc.","Bingham Farms","MI","US",NULL,NULL,NULL,NULL,NULL,NULL,"2026-07-18"
98071,150834,"Mortgage","Comerica Bank","New Baltimore","MI","US",NULL,NULL,NULL,NULL,NULL,NULL,"2025-05-18"
99413,151631,"Mortgage","Extra Credit Union","Warren","MI","US",NULL,NULL,NULL,NULL,NULL,NULL,"2026-09-19"
99611,151690,"Mortgage","MortgagePros, LLC","Troy","MI","US",NULL,NULL,"2489618008",NULL,NULL,NULL,"2026-09-22"
102653,147192,"Mortgage","PNC Bank, N.A.","Hamtramck","MI","US",NULL,NULL,NULL,NULL,NULL,NULL,"2026-09-19"
103594,148047,"Mortgage","Success Mortgage Partners","Sterling Heights","MI","US",NULL,NULL,NULL,NULL,NULL,NULL,"2026-09-19"
105903,147546,"Mortgage","Citizens Bank, N.A.","Farmington","MI","US",NULL,NULL,NULL,NULL,NULL,NULL,"2026-09-19"
105955,153713,"Mortgage","Brick Financial Group LLC","Oxford","MI","US",NULL,NULL,"2482365328",NULL,NULL,NULL,"2026-09-22"
124118,159764,"Mortgage","Accelin Loans LLC","Bothell","WA","US",NULL,NULL,"8086996991",NULL,NULL,NULL,"2026-09-20"
124591,159919,"Mortgage","All City Mortgage, LLC","Kenmore","WA","US",NULL,NULL,"4254856509",NULL,NULL,NULL,"2026-09-19"
125117,160073,"Mortgage","Super T Financial Inc.","Kirkland","WA","US",NULL,NULL,"2069400454",NULL,NULL,NULL,"2026-09-19"
126493,160024,"Mortgage","CTC Mortgage Services, LLC","Seattle","WA","US",NULL,NULL,"2068995452",NULL,NULL,NULL,"2026-09-20"
126696,160665,"Mortgage","eLink Mortgage LLC","Seattle","WA","US",NULL,NULL,"2068327740",NULL,NULL,NULL,"2026-09-23"
127025,160462,"Mortgage","Seattle Mortgage Brokers LLC","Burien","WA","US",NULL,NULL,"2069925635",NULL,NULL,NULL,"2026-09-19"
130807,156288,"Mortgage","Mortgage One Northwest Inc","Olympia","WA","US",NULL,NULL,"3608789448",NULL,NULL,NULL,"2026-09-21"
521126,155122,"Mortgage","LENDirect Mortgage, Inc","Sarasota","FL","US",NULL,NULL,"9416854020",NULL,NULL,NULL,"2026-04-30"
521497,708616,"Mortgage","Be My Neighbor","Dension","TX","US",NULL,NULL,"9038157537",NULL,NULL,NULL,"2025-11-03"
1841814,1356208,"Mortgage","PNC Bank, N.A.","Fraser","MI","US",NULL,NULL,NULL,NULL,NULL,NULL,"2024-03-19"
3701827,2050412,"Mortgage","Polaris Home Loans, LLC","Springfield","MA","US",NULL,NULL,"4133153427",NULL,NULL,NULL,"2026-06-19"
3704845,2051670,"Mortgage","C2 Financial Corporation, Seattle, WA Branch","Seattle","WA","US",NULL,NULL,"2067784999",NULL,"http://www.realwincorp.com",NULL,"2025-05-20"
3709646,2053664,"Mortgage","Platinum Home Lending, Inc.","Mill Creek","WA","US",NULL,NULL,"4253326220",NULL,"http://www.platinumhomelending.com",NULL,"2024-06-27"
3719356,2057776,"Mortgage","Washington Discount Mortgage LLC","Kirkland","WA","US",NULL,NULL,NULL,NULL,NULL,NULL,"2024-01-13"
3752299,2069733,"Mortgage","State Finance Company, Inc.","Shelton","CT","US",NULL,NULL,NULL,NULL,NULL,NULL,"2024-01-13"
6121579,1415777,"Mortgage","Fifth Third Bank","Clinton Township","MI","US",NULL,NULL,NULL,NULL,NULL,NULL,"2026-09-18"
6125941,1415777,"Mortgage","Fifth Third Bank","Washington","MI","US",NULL,NULL,NULL,NULL,NULL,NULL,"2026-09-19"
6136820,1415777,"Mortgage","Fifth Third Bank","Shelby Township","MI","US",NULL,NULL,NULL,NULL,NULL,NULL,"2026-09-19"
6136912,1415777,"Mortgage","Fifth Third Bank","Shelby Twp","MI","US",NULL,NULL,NULL,NULL,NULL,NULL,"2026-09-19"
6811896,2047179,"Mortgage","Mortgage Solutions FCS Inc.","Walnut Creek","CA","US",NULL,NULL,"8312549787",NULL,NULL,NULL,"2026-08-23"
7426555,3354966,"Mortgage","eLink Mortgage","Seattle","WA","US",NULL,NULL,NULL,NULL,NULL,NULL,"2025-11-20"
16103562,149768,"Mortgage","UIF Corporation","Columbia","SC","US",NULL,NULL,NULL,NULL,NULL,NULL,"2026-09-19"
20242644,8445494,"Mortgage","Flagstar Bank, FSB","Clinton Twp","MI","US",NULL,NULL,NULL,NULL,NULL,NULL,"2026-05-18"
20744037,150942,"Mortgage","Mortgage One Funding LLC","Clawson","MI","US",NULL,NULL,NULL,NULL,NULL,NULL,"2026-09-18"
20811138,8669806,"Mortgage","Amigo Mortgage Group","Lynnwood","WA","US",NULL,NULL,"4252180330",NULL,"http://Amigomortgagegroup.com",NULL,"2026-07-19"
25097227,122679,"Mortgage","Barrett Financial Group","Chandler","AZ","US",NULL,NULL,"4804594550",NULL,NULL,NULL,"2026-09-22"
35614900,10645584,"Mortgage","Modern Valley Home Loans, LLC","Novi","MI","US",NULL,NULL,"5624776883",NULL,NULL,NULL,"2026-09-22"
35830229,123478,"Mortgage","New American Funding, LLC","Scottsdale","AZ","US",NULL,NULL,NULL,NULL,NULL,NULL,"2026-09-23"
