"id","profile_id","source_name","vertical","number_of_reviews","average_rating","source_unique_id","updated_at","review_last_sync_date"
12080543,13415332,"lendingtree.com","Mortgage",0,0.0,"annason48034misou","2026-09-23",NULL
9346292,13415332,"lendingtree.com","Mortgage",0,0.0,"annason48034misou","2023-05-06",NULL
9346293,13415333,"findamortgagebroker.com","Mortgage",0,0.0,"jameood98103wasea","2024-01-13",NULL
13475351,13415333,"mortgagematchup.com","Mortgage",0,0.0,"jameood98103wasea","2025-05-20",NULL
12081788,13415334,"lendingtree.com","Mortgage",0,0.0,"kelsith48036micli","2026-04-30",NULL
9346294,13415334,"lendingtree.com","Mortgage",0,0.0,"kelsith48036micli","2025-04-18",NULL
13030205,13415335,"findamortgagebroker.com","Mortgage",0,0.0,"angeldo48034misou","2024-02-06",NULL
9346295,13415335,"lendingtree.com","Mortgage",0,0.0,"angeldo48034misou","2026-09-18",NULL
12080550,13415335,"lendingtree.com","Mortgage",0,0.0,"angeldo48034misou","2025-08-18",NULL
13840560,13415335,"mortgagematchup.com","Mortgage",0,0.0,"angeldo48034misou","2024-07-20",NULL
9346297,13415336,"findamortgagebroker.com","Mortgage",0,0.0,"sungeun98011wabot","2024-01-11",NULL
12115998,13415336,"lendingtree.com","Mortgage",0,0.0,"sungeun98011wabot","2023-12-01",NULL
10801872,13415336,"lendingtree.com","Mortgage",0,0.0,"sungeun98011wabot","2023-08-15",NULL
13030698,13415337,"findamortgagebroker.com","Mortgage",0,0.0,"amilssa48034misou","2024-02-06",NULL
9346298,13415337,"lendingtree.com","Mortgage",0,0.0,"amilssa48034misou","2026-09-19",NULL
12080565,13415337,"lendingtree.com","Mortgage",0,0.0,"amilssa48034misou","2025-08-18",NULL
13838471,13415337,"mortgagematchup.com","Mortgage",3,5.0,"amilssa48083mitro","2025-11-20",NULL
9346299,13415338,"findamortgagebroker.com","Mortgage",0,0.0,"kiraeni98125wasea","2024-01-11",NULL
9646165,13415338,"lendingtree.com","Mortgage",0,0.0,"kiraeni98125wasea","2026-03-18",NULL
12124861,13415338,"lendingtree.com","Mortgage",0,0.0,"kiraeni98125wasea","2025-08-18",NULL
13849473,13415338,"mortgagematchup.com","Mortgage",0,0.0,"kiraeni98125wasea","2025-05-20",NULL
17364465,13415338,"zillow.com","Mortgage",1,5.0,"kiraera48084mitro","2026-09-19",NULL
13030380,13415339,"findamortgagebroker.com","Mortgage",0,0.0,"amanght49783misau","2024-02-06",NULL
12080556,13415339,"lendingtree.com","Mortgage",0,0.0,"amanght48034misou","2026-04-18",NULL
9346300,13415339,"lendingtree.com","Mortgage",0,0.0,"amanght48034misou","2026-01-18",NULL
13840194,13415339,"mortgagematchup.com","Mortgage",0,0.0,"amanght49783misau","2025-11-20",NULL
9346301,13415340,"lendingtree.com","Mortgage",0,0.0,"andrany48034misou","2026-09-18",NULL
12099673,13415340,"lendingtree.com","Mortgage",0,0.0,"andrany48317mishe","2026-02-18",NULL
14934484,13415340,"mortgagematchup.com","Mortgage",0,0.0,"andrany48075misou","2025-02-20",NULL
9346302,13415341,"lendingtree.com","Mortgage",0,0.0,"amannan48034misou","2026-09-18",NULL
12097803,13415342,"lendingtree.com","Mortgage",0,0.0,"stepler48316mishe","2026-04-30",NULL
9346303,13415342,"lendingtree.com","Mortgage",0,0.0,"stepler48036micli","2023-08-15",NULL
9346304,13415343,"findamortgagebroker.com","Mortgage",0,0.0,"haiqang98125wasea","2024-01-11",NULL
12124876,13415343,"lendingtree.com","Mortgage",0,0.0,"haiqang98125wasea","2023-12-01",NULL
9646176,13415343,"lendingtree.com","Mortgage",0,0.0,"haiqang98125wasea","2023-05-10",NULL
9346305,13415344,"lendingtree.com","Mortgage",0,0.0,"allaith48034misou","2026-04-30",NULL
12080546,13415344,"lendingtree.com","Mortgage",0,0.0,"allaith48034misou","2025-08-18",NULL
15477853,13415344,"mortgagematchup.com","Mortgage",0,0.0,"allaith48098mitro","2025-06-20",NULL
9346306,13415345,"findamortgagebroker.com","Mortgage",0,0.0,"garwong98125wasea","2024-01-11",NULL
9646175,13415345,"lendingtree.com","Mortgage",0,0.0,"garwong98125wasea","2026-09-19",NULL
12124881,13415345,"lendingtree.com","Mortgage",0,0.0,"garwong98125wasea","2026-01-18",NULL
13849479,13415345,"mortgagematchup.com","Mortgage",0,0.0,"garwong98125wasea","2025-05-20",NULL
16842056,13415346,"google.com",NULL,6,5.0,NULL,"2026-01-28",NULL
9346307,13415346,"lendingtree.com","Mortgage",0,0.0,"anthech48034misou","2026-09-18",NULL
15386693,13415346,"zillow.com","Mortgage",6,5.0,"tonyech48034misou","2026-09-19","2026-04-10"
9346308,13415347,"findamortgagebroker.com","Mortgage",0,0.0,"hongfan98125wasea","2024-01-11",NULL
12124800,13415347,"lendingtree.com","Mortgage",0,0.0,"hongfan98125wasea","2026-09-19",NULL
9646191,13415347,"lendingtree.com","Mortgage",0,0.0,"hongfan98125wasea","2025-08-18",NULL
13849476,13415347,"mortgagematchup.com","Mortgage",0,0.0,"hongfan98125wasea","2025-11-20",NULL
9346923,13415348,"findamortgagebroker.com","Mortgage",7,5.0,"ashliak48188mican","2024-02-06",NULL
12080514,13415348,"lendingtree.com","Mortgage",0,0.0,"ashliak48034misou","2026-09-18",NULL
9346309,13415348,"lendingtree.com","Mortgage",0,0.0,"ashliak48034misou","2026-01-18",NULL
13841138,13415348,"mortgagematchup.com","Mortgage",7,5.0,"ashliak48188mican","2025-06-20",NULL
9346310,13415349,"findamortgagebroker.com","Mortgage",0,0.0,"heleian98125wasea","2024-01-11",NULL
9646168,13415349,"lendingtree.com","Mortgage",0,0.0,"heleian98125wasea","2026-09-19",NULL
12124825,13415349,"lendingtree.com","Mortgage",0,0.0,"heleian98125wasea","2025-08-18",NULL
13849475,13415349,"mortgagematchup.com","Mortgage",0,0.0,"heleian98125wasea","2025-11-20",NULL
9346311,13415350,"lendingtree.com","Mortgage",0,0.0,"avialou48034misou","2026-09-19",NULL
12080403,13415350,"lendingtree.com","Mortgage",0,0.0,"avialou48034misou","2025-08-18",NULL
14934543,13415350,"mortgagematchup.com","Mortgage",0,0.0,"avialou48098mitro","2025-06-20",NULL
12100662,13415351,"lendingtree.com","Mortgage",0,0.0,"antwany48310miste","2026-04-30",NULL
9346312,13415351,"lendingtree.com","Mortgage",0,0.0,"antwany48034misou","2025-08-28",NULL
9346313,13415352,"findamortgagebroker.com","Mortgage",0,0.0,"weihao98004wayar","2024-01-11",NULL
13849586,13415352,"mortgagematchup.com","Mortgage",0,0.0,"weihao98004wayar","2025-11-20",NULL
16934862,13415352,"zillow.com","Mortgage",0,0.0,NULL,"2026-04-09",NULL
9353903,13415353,"findamortgagebroker.com","Mortgage",0,0.0,"austama48034misou","2024-01-12",NULL
9346314,13415353,"lendingtree.com","Mortgage",0,0.0,"austama48034misou","2026-09-18",NULL
12080140,13415353,"lendingtree.com","Mortgage",0,0.0,"austama48034misou","2026-01-18",NULL
13838405,13415353,"mortgagematchup.com","Mortgage",0,0.0,"austama48071mimad","2025-06-20",NULL
12080521,13415354,"lendingtree.com","Mortgage",0,0.0,"anthtto48034misou","2026-04-30",NULL
9346315,13415354,"lendingtree.com","Mortgage",0,0.0,"anthtto48034misou","2023-05-06",NULL
9346317,13415355,"findamortgagebroker.com","Mortgage",0,0.0,"joreray98033wane","2024-01-13",NULL
13849178,13415355,"mortgagematchup.com","Mortgage",0,0.0,"joreray98033wakir","2025-11-20",NULL
12105152,13415356,"lendingtree.com","Mortgage",0,0.0,"kellsca48371mioxf","2026-09-19",NULL
9346318,13415356,"lendingtree.com","Mortgage",0,0.0,"kellsca48025mibin","2025-08-18",NULL
13908319,13415356,"zillow.com","Mortgage",0,0.0,"kellsca48371mioxf","2026-09-22",NULL
9346319,13415357,"findamortgagebroker.com","Mortgage",0,0.0,"daveman98033wane","2024-01-12",NULL
12080655,13415358,"lendingtree.com","Mortgage",0,0.0,"ambuood48034misou","2026-09-19",NULL
9346320,13415358,"lendingtree.com","Mortgage",0,0.0,"ambuood48034misou","2026-06-18",NULL
9346321,13415359,"lendingtree.com","Mortgage",0,0.0,"krisker48026miaub","2026-09-18",NULL
12080799,13415359,"lendingtree.com","Mortgage",0,0.0,"krisker48026miaub","2025-08-18",NULL
9346322,13415360,"findamortgagebroker.com","Mortgage",0,0.0,"benjond98033wane","2024-01-11",NULL
12118801,13415360,"lendingtree.com","Mortgage",0,0.0,"benjond98033wakir","2023-12-01",NULL
9643956,13415360,"lendingtree.com","Mortgage",0,0.0,"benjond98033wakir","2023-08-15",NULL
9346323,13415361,"lendingtree.com","Mortgage",0,0.0,"ashlnna48034misou","2026-05-18",NULL
12149319,13415361,"lendingtree.com","Mortgage",0,0.0,"ashlnna76248txkel","2026-01-18",NULL
9346324,13415362,"lendingtree.com","Mortgage",0,0.0,"susaert48026mifra","2026-09-18",NULL
12080821,13415362,"lendingtree.com","Mortgage",0,0.0,"susaert48026mifra","2026-04-18",NULL
9346325,13415363,"findamortgagebroker.com","Mortgage",0,0.0,"chrilby98033wane","2024-01-13",NULL
9535122,13415363,"lendingtree.com","Mortgage",0,0.0,"chrilby84032utheb","2026-09-22",NULL
13989983,13415363,"mortgagematchup.com","Mortgage",1,5.0,"chrilby84032utheb","2025-11-20",NULL
9346326,13415364,"lendingtree.com","Mortgage",0,0.0,"sonyley48026mifra","2026-09-18",NULL
12080809,13415364,"lendingtree.com","Mortgage",0,0.0,"sonyley48026mifra","2026-02-18",NULL
9346327,13415365,"findamortgagebroker.com","Mortgage",0,0.0,"terrall98502wasw","2024-01-13",NULL
12138009,13415365,"lendingtree.com","Mortgage",0,0.0,"terrall98502waoly","2026-09-19",NULL
9651748,13415365,"lendingtree.com","Mortgage",0,0.0,"terrall98502waoly","2025-08-18",NULL
13851395,13415365,"mortgagematchup.com","Mortgage",0,0.0,"terrall98502waoly","2025-05-20",NULL
13030379,13415366,"findamortgagebroker.com","Mortgage",0,0.0,"keitkey48025mibin","2024-02-06",NULL
12080592,13415366,"lendingtree.com","Mortgage",0,0.0,"keitkey48025mibin","2026-04-30",NULL
9346328,13415366,"lendingtree.com","Mortgage",0,0.0,"keitkey48025mibin","2025-04-18",NULL
13840264,13415366,"mortgagematchup.com","Mortgage",0,0.0,"keitkey48025mibin","2025-11-18",NULL
13030348,13415367,"findamortgagebroker.com","Mortgage",0,0.0,"kareeen48025mibin","2024-02-06",NULL
12080687,13415367,"lendingtree.com","Mortgage",0,0.0,"kareeen48025mibin","2025-08-28",NULL
9346329,13415367,"lendingtree.com","Mortgage",0,0.0,"kareeen48025mibin","2025-04-18",NULL
13839999,13415367,"mortgagematchup.com","Mortgage",0,0.0,"kareeen48025mibin","2025-06-20",NULL
14163545,13415367,"zillow.com","Mortgage",0,0.0,"kareeen48025mibin","2026-09-22",NULL
9346330,13415368,"findamortgagebroker.com","Mortgage",1,1.0,"michson98033wanor","2024-02-06",NULL
9355589,13415368,"lendingtree.com","Mortgage",0,0.0,"michson48346micla","2026-08-22",NULL
14539469,13415368,"mortgagematchup.com","Mortgage",1,5.0,"michson48334mifar","2025-06-20",NULL
15470561,13415368,"zillow.com","Mortgage",2,1.0,"michson73008okbet","2026-09-21",NULL
9346331,13415369,"lendingtree.com","Mortgage",0,0.0,"kimbkey48026mifra","2026-04-30",NULL
12080819,13415369,"lendingtree.com","Mortgage",0,0.0,"kimbkey48026mifra","2025-01-21",NULL
9346332,13415370,"findamortgagebroker.com","Mortgage",0,0.0,"robeers98277waoak","2023-05-17",NULL
9648133,13415370,"lendingtree.com","Mortgage",0,0.0,"robeers98277waoak","2023-05-10",NULL
9346333,13415371,"lendingtree.com","Mortgage",0,0.0,"deanery48026mifra","2026-04-30",NULL
12080815,13415371,"lendingtree.com","Mortgage",0,0.0,"deanery48026mifra","2025-04-16",NULL
9346334,13415372,"findamortgagebroker.com","Mortgage",0,0.0,"danivil98028waken","2024-01-11",NULL
9644110,13415372,"lendingtree.com","Mortgage",0,0.0,"danivil98028waken","2026-01-18",NULL
12116733,13415372,"lendingtree.com","Mortgage",0,0.0,"danivil98028waken","2025-08-18",NULL
13849430,13415372,"mortgagematchup.com","Mortgage",0,0.0,"danivil98028waken","2025-11-20",NULL
12080844,13415373,"lendingtree.com","Mortgage",0,0.0,"cathgor48026mifra","2026-09-18",NULL
9346335,13415373,"lendingtree.com","Mortgage",0,0.0,"cathgor48026mifra","2025-08-18",NULL
12081712,13415374,"lendingtree.com","Mortgage",0,0.0,"melader48035micli","2026-09-18",NULL
9346338,13415374,"lendingtree.com","Mortgage",0,0.0,"melader48035micli","2026-02-18",NULL
12080857,13415375,"lendingtree.com","Mortgage",0,0.0,"britack48026mifra","2026-04-30",NULL
9346339,13415375,"lendingtree.com","Mortgage",0,0.0,"britack48026mifra","2025-04-18",NULL
9346340,13415376,"findamortgagebroker.com","Mortgage",0,0.0,"isaalle98106wasou","2024-01-11",NULL
12124735,13415376,"lendingtree.com","Mortgage",0,0.0,"isaalle98106wasea","2026-09-19",NULL
9645773,13415376,"lendingtree.com","Mortgage",0,0.0,"isaalle98106wasea","2025-08-18",NULL
13474274,13415376,"mortgagematchup.com","Mortgage",0,0.0,"isaalle98106wasea","2025-11-20",NULL
9346341,13415377,"lendingtree.com","Mortgage",0,0.0,"lisawis48035micli","2026-09-18",NULL
12081239,13415377,"lendingtree.com","Mortgage",0,0.0,"lisawis48035micli","2026-02-18",NULL
9346342,13415378,"lendingtree.com","Mortgage",0,0.0,"krisram48035micli","2026-05-18",NULL
9346343,13415379,"lendingtree.com","Mortgage",0,0.0,"marlele48035micli","2026-09-18",NULL
9346344,13415380,"findamortgagebroker.com","Mortgage",0,0.0,"daviman98028wane","2024-01-11",NULL
9581246,13415380,"lendingtree.com","Mortgage",0,0.0,"daviman92103casan","2023-05-09",NULL
9346797,13415381,"findamortgagebroker.com","Mortgage",0,0.0,"alanoza48034misou","2024-02-06",NULL
9346345,13415381,"lendingtree.com","Mortgage",0,0.0,"alanoza48034misou","2026-09-19",NULL
12080444,13415381,"lendingtree.com","Mortgage",0,0.0,"alanoza48034misou","2026-02-18",NULL
13840576,13415381,"mortgagematchup.com","Mortgage",0,0.0,"alanoza48034misou","2025-11-18",NULL
12080460,13415382,"lendingtree.com","Mortgage",0,0.0,"alaawil48034misou","2026-09-19",NULL
9346346,13415382,"lendingtree.com","Mortgage",0,0.0,"alaawil48034misou","2026-06-18",NULL
15472097,13415382,"zillow.com","Mortgage",0,0.0,"alaawil48124midea","2026-09-19",NULL
9346347,13415383,"findamortgagebroker.com","Mortgage",0,0.0,"saralie98589wasw","2024-01-11",NULL
9653181,13415383,"lendingtree.com","Mortgage",0,0.0,"saralie98589waten","2023-08-15",NULL
12140615,13415383,"lendingtree.com","Mortgage",0,0.0,"saralie98589waten","2025-09-18",NULL
13333195,13415383,"mortgagematchup.com","Mortgage",0,0.0,"saralie98589waten","2025-05-20",NULL
9351141,13415384,"findamortgagebroker.com","Mortgage",0,0.0,"alexoua48085mitro","2024-02-06",NULL
12080497,13415384,"lendingtree.com","Mortgage",0,0.0,"alexoua48034misou","2026-09-18",NULL
9346348,13415384,"lendingtree.com","Mortgage",0,0.0,"alexoua48034misou","2025-08-18",NULL
13838052,13415384,"mortgagematchup.com","Mortgage",0,0.0,"alexoua48085mitro","2025-11-20",NULL
9346349,13415385,"findamortgagebroker.com","Mortgage",0,0.0,"ericman98101wasea","2024-01-10",NULL
13483732,13415385,"mortgagematchup.com","Mortgage",0,0.0,"ericman98101wasea","2025-05-20",NULL
12164874,13415385,"zillow.com","Mortgage",12,5.0,"ericman98109wasea","2026-08-22","2026-04-10"
12081075,13415386,"lendingtree.com","Mortgage",0,0.0,"jacqpke48035micli","2026-04-30",NULL
9346350,13415386,"lendingtree.com","Mortgage",0,0.0,"jacqpke48035micli","2023-08-15",NULL
12081196,13415387,"lendingtree.com","Mortgage",0,0.0,"kimboni48035micli","2026-04-30",NULL
9346351,13415387,"lendingtree.com","Mortgage",0,0.0,"kimboni48035micli","2025-04-18",NULL
9346352,13415388,"findamortgagebroker.com","Mortgage",0,0.0,"davians98012wase,","2024-01-11",NULL
9643770,13415388,"lendingtree.com","Mortgage",0,0.0,"davians98012wamil","2023-05-10",NULL
12116662,13415388,"lendingtree.com","Mortgage",0,0.0,"davians98012wamil","2026-01-18",NULL
13481790,13415388,"mortgagematchup.com","Mortgage",0,0.0,"davians98012wamil","2024-03-12",NULL
9346354,13415389,"lendingtree.com","Mortgage",0,0.0,"ahmaage48034misou","2026-09-18",NULL
12080438,13415389,"lendingtree.com","Mortgage",0,0.0,"ahmaage48034misou","2025-09-18",NULL
9346355,13415390,"lendingtree.com","Mortgage",0,0.0,"ahmaaji48034misou","2026-09-18",NULL
12080724,13415390,"lendingtree.com","Mortgage",0,0.0,"ahmaaji48034misou","2026-06-18",NULL
9346356,13415391,"findamortgagebroker.com","Mortgage",0,0.0,"jesslls98502wanw","2024-01-13",NULL
9651793,13415391,"lendingtree.com","Mortgage",0,0.0,"jesslls98502waoly","2026-09-19",NULL
12139205,13415391,"lendingtree.com","Mortgage",0,0.0,"jesslls98502waoly","2025-08-18",NULL
13485157,13415391,"mortgagematchup.com","Mortgage",0,0.0,"jesslls98502waoly","2025-11-20",NULL
12080699,13415392,"lendingtree.com","Mortgage",0,0.0,"abdefiq48034misou","2026-09-19",NULL
9346358,13415392,"lendingtree.com","Mortgage",0,0.0,"abdefiq48034misou","2026-06-18",NULL
12081234,13415393,"lendingtree.com","Mortgage",0,0.0,"donaler48035micli","2026-04-30",NULL
9346362,13415393,"lendingtree.com","Mortgage",0,0.0,"donaler48035micli","2025-04-18",NULL
9346368,13415394,"lendingtree.com","Mortgage",0,0.0,"brander48035micli","2026-09-18",NULL
12081774,13415394,"lendingtree.com","Mortgage",0,0.0,"brander48035micli","2025-08-18",NULL
9346371,13415395,"lendingtree.com","Mortgage",0,5.0,"austust48034misou","2026-04-30",NULL
9346376,13415396,"lendingtree.com","Mortgage",0,0.0,"ginaato48035micli","2026-04-30",NULL
12081078,13415396,"lendingtree.com","Mortgage",0,0.0,"ginaato48035micli","2024-12-18",NULL
9346377,13415397,"lendingtree.com","Mortgage",4,5.0,"alysese48034misou","2023-05-06",NULL
9346378,13415398,"findamortgagebroker.com","Mortgage",0,0.0,"jeffeau01144maspr","2024-01-13",NULL
10731104,13415398,"lendingtree.com","Mortgage",0,0.0,"jeffeau01035mahad","2024-05-18",NULL
13021417,13415398,"zillow.com","Mortgage",0,0.0,"jeffeau01144maspr","2024-03-21",NULL
12081083,13415399,"lendingtree.com","Mortgage",0,0.0,"andrfin48035micli","2026-09-18",NULL
9346380,13415399,"lendingtree.com","Mortgage",0,0.0,"andrfin48035micli","2025-08-18",NULL
9346383,13415400,"lendingtree.com","Mortgage",0,0.0,"crysnis48036micli","2026-09-18",NULL
12081701,13415400,"lendingtree.com","Mortgage",0,0.0,"crysnis48036micli","2026-02-18",NULL
9346384,13415401,"lendingtree.com","Mortgage",0,0.0,"aftoole48034misou","2026-04-18",NULL
12080755,13415401,"lendingtree.com","Mortgage",0,0.0,"aftoole48034misou","2026-02-18",NULL
9346385,13415402,"findamortgagebroker.com","Mortgage",0,0.0,"jarroof01144maspr","2024-01-11",NULL
15462870,13415402,"lendingtree.com","Mortgage",0,0.0,"jarroof06082ctenf","2025-12-18",NULL
16820769,13415402,"mortgagematchup.com","Mortgage",0,0.0,"jarroof01144maspr","2025-11-20",NULL
9346388,13415403,"lendingtree.com","Mortgage",0,0.0,"adamjou48034misou","2026-09-18",NULL
12149532,13415403,"lendingtree.com","Mortgage",0,0.0,"adamjou76248txkel","2025-09-18",NULL
11640690,13415403,"zillow.com","Mortgage",0,0.0,"adamjou48034misou","2026-09-20",NULL
9346391,13415404,"lendingtree.com","Mortgage",0,0.0,"boniiya48036micli","2026-04-30",NULL
12081725,13415404,"lendingtree.com","Mortgage",0,0.0,"boniiya48036micli","2025-01-25",NULL
9346397,13415405,"lendingtree.com","Mortgage",0,0.0,"cryseed48036micli","2026-09-19",NULL
12081716,13415405,"lendingtree.com","Mortgage",0,0.0,"cryseed48036micli","2025-08-18",NULL
9346399,13415406,"lendingtree.com","Mortgage",0,0.0,"alyseid48036micli","2026-09-18",NULL
12081731,13415406,"lendingtree.com","Mortgage",0,0.0,"alyseid48036micli","2026-02-18",NULL
13030383,13415407,"findamortgagebroker.com","Mortgage",0,0.0,"justski48025mibin","2024-01-13",NULL
12080637,13415407,"lendingtree.com","Mortgage",0,0.0,"justski48025mibin","2026-04-30",NULL
9346401,13415407,"lendingtree.com","Mortgage",0,0.0,"justski48025mibin","2023-05-06",NULL
13839996,13415407,"mortgagematchup.com","Mortgage",0,0.0,"justski48009mibir","2025-11-18",NULL
12081784,13415408,"lendingtree.com","Mortgage",0,0.0,"dolorka48036micli","2026-09-18",NULL
9346406,13415408,"lendingtree.com","Mortgage",0,0.0,"dolorka48036micli","2025-04-18",NULL
9353252,13415409,"findamortgagebroker.com","Mortgage",0,0.0,"justski48025mibin","2024-02-06",NULL
12080616,13415409,"lendingtree.com","Mortgage",0,0.0,"justski48025mibin","2026-04-30",NULL
9346408,13415409,"lendingtree.com","Mortgage",0,0.0,"justski48025mibin","2026-01-18",NULL
13476619,13415409,"mortgagematchup.com","Mortgage",0,0.0,"justski48025mibin","2025-11-20",NULL
9350871,13415410,"findamortgagebroker.com","Mortgage",0,0.0,"josenha48025mibin","2024-02-06",NULL
12080123,13415410,"lendingtree.com","Mortgage",0,0.0,"josenha48025mibin","2026-01-18",NULL
9346410,13415410,"lendingtree.com","Mortgage",0,0.0,"josenha48025mibin","2026-06-18",NULL
13839291,13415410,"mortgagematchup.com","Mortgage",0,0.0,"josenha48334miwes","2025-11-20",NULL
9346411,13415411,"findamortgagebroker.com","Mortgage",0,0.0,"luiselo06037ctber","2024-01-12",NULL
14881517,13415411,"lendingtree.com","Mortgage",0,0.0,"luiselo34239flsar","2026-09-22",NULL
13842951,13415411,"mortgagematchup.com","Mortgage",0,0.0,"luiselo06037ctber","2025-11-18",NULL
9346413,13415412,"lendingtree.com","Mortgage",0,0.0,"chriiak48036micli","2026-04-30",NULL
12081798,13415413,"lendingtree.com","Mortgage",0,0.0,"anneher48036micli","2026-04-30",NULL
9346414,13415413,"lendingtree.com","Mortgage",0,0.0,"anneher48036micli","2023-08-15",NULL
9346415,13415414,"lendingtree.com","Mortgage",0,0.0,"joshern48025mibin","2026-07-18",NULL
12080626,13415414,"lendingtree.com","Mortgage",0,0.0,"joshern48025mibin","2025-08-18",NULL
9346416,13415415,"findamortgagebroker.com","Mortgage",0,0.0,"stevryk06076ctsta","2024-01-13",NULL
13843012,13415415,"mortgagematchup.com","Mortgage",0,0.0,"stevryk06076ctsta","2025-11-20",NULL
12080744,13415416,"lendingtree.com","Mortgage",0,0.0,"bridiky48033misou","2026-04-30",NULL
9346417,13415416,"lendingtree.com","Mortgage",0,0.0,"bridiky48033misou","2023-05-06",NULL
12081761,13415417,"lendingtree.com","Mortgage",0,0.0,"anthsky48036micli","2026-09-19",NULL
9346418,13415417,"lendingtree.com","Mortgage",0,0.0,"anthsky48036micli","2026-06-18",NULL
9346419,13415418,"findamortgagebroker.com","Mortgage",0,0.0,"michert98092wase","2024-01-12",NULL
9645455,13415418,"lendingtree.com","Mortgage",0,0.0,"michert98092waaub","2026-09-19",NULL
12122922,13415418,"lendingtree.com","Mortgage",0,0.0,"michert98092waaub","2025-08-18",NULL
13474771,13415418,"mortgagematchup.com","Mortgage",0,0.0,"michert98092waaub","2025-11-20",NULL
12081753,13415419,"lendingtree.com","Mortgage",0,0.0,"adelrth48036micli","2026-09-18",NULL
9346420,13415419,"lendingtree.com","Mortgage",0,0.0,"adelrth48036micli","2026-05-18",NULL
9349951,13415420,"findamortgagebroker.com","Mortgage",0,0.0,"mikeley48070mihun","2024-02-06",NULL
12079813,13415420,"lendingtree.com","Mortgage",0,0.0,"michley48030mihaz","2026-09-18",NULL
9346421,13415420,"lendingtree.com","Mortgage",0,0.0,"michley48030mihaz","2025-08-18",NULL
13839988,13415420,"mortgagematchup.com","Mortgage",0,0.0,"mikeley48070mihun","2025-11-20",NULL
9346422,13415421,"findamortgagebroker.com","Mortgage",0,0.0,"franyen98029wase","2024-01-11",NULL
12121647,13415421,"lendingtree.com","Mortgage",0,0.0,"phuoyen98075wasam","2026-01-18",NULL
13331750,13415421,"mortgagematchup.com","Mortgage",0,0.0,"franyen98029wasam","2025-11-20",NULL
9346799,13415422,"findamortgagebroker.com","Mortgage",0,0.0,"brantta48033misou","2024-01-11",NULL
12085028,13415422,"lendingtree.com","Mortgage",0,0.0,"brantta48084mitro","2026-09-19",NULL
9346423,13415422,"lendingtree.com","Mortgage",0,0.0,"brantta48033misou","2026-06-18",NULL
12128504,13415422,"zillow.com","Mortgage",6,5.0,"brantta48034misou","2026-09-19","2026-04-10"
9346424,13415423,"findamortgagebroker.com","Mortgage",0,0.0,"joshley98106wasou","2024-01-13",NULL
12119898,13415423,"lendingtree.com","Mortgage",0,0.0,"joshley98036walyn","2026-09-19",NULL
9645798,13415423,"lendingtree.com","Mortgage",0,0.0,"joshley98106wasea","2026-01-18",NULL
13474266,13415423,"mortgagematchup.com","Mortgage",0,0.0,"joshley98106wasea","2025-11-20",NULL
9351102,13415424,"findamortgagebroker.com","Mortgage",0,0.0,"geofcki48030mihaz","2024-02-06",NULL
12079804,13415424,"lendingtree.com","Mortgage",0,0.0,"geofcki48030mihaz","2026-09-18",NULL
9346426,13415424,"lendingtree.com","Mortgage",0,0.0,"geofcki48030mihaz","2025-04-18",NULL
13841152,13415424,"mortgagematchup.com","Mortgage",0,0.0,"geofcki48030mihaz","2025-11-20",NULL
9354181,13415425,"findamortgagebroker.com","Mortgage",0,0.0,"marcish48033misou","2024-01-13",NULL
9346427,13415425,"lendingtree.com","Mortgage",0,4.79,"marcish48033misou","2026-09-18",NULL
12080733,13415425,"lendingtree.com","Mortgage",29,4.79,"marcish48034misou","2025-08-18",NULL
13839136,13415425,"mortgagematchup.com","Mortgage",0,0.0,"marcish48034misou","2025-02-20",NULL
9346428,13415426,"findamortgagebroker.com","Mortgage",52,5.0,"hienhan98101wasea","2024-01-10",NULL
13849630,13415426,"mortgagematchup.com","Mortgage",87,5.0,"hienhan98101wasea","2025-11-20",NULL
14268277,13415426,"zillow.com","Mortgage",80,5.0,"hienhan98101wasea","2026-08-21","2026-04-10"
9346429,13415427,"lendingtree.com","Mortgage",0,0.0,"nozmque48030mihaz","2026-09-19",NULL
12079891,13415427,"lendingtree.com","Mortgage",0,0.0,"nozmque48030mihaz","2025-08-28",NULL
12079872,13415428,"lendingtree.com","Mortgage",0,0.0,"juanins48030mihaz","2026-09-18",NULL
9346430,13415428,"lendingtree.com","Mortgage",0,0.0,"juanins48030mihaz","2026-01-18",NULL
9346431,13415429,"findamortgagebroker.com","Mortgage",0,0.0,"victpez98020wan","2024-01-11",NULL
12117291,13415429,"lendingtree.com","Mortgage",0,0.0,"victlba98020waedm","2026-08-18",NULL
9643422,13415429,"lendingtree.com","Mortgage",0,0.0,"victlba98020waedm","2026-06-18",NULL
13479341,13415429,"mortgagematchup.com","Mortgage",0,0.0,"victpez98020waedm","2025-05-20",NULL
12079902,13415430,"lendingtree.com","Mortgage",0,0.0,"leslson48030mihaz","2026-08-18",NULL
9346432,13415430,"lendingtree.com","Mortgage",0,0.0,"leslson48030mihaz","2025-06-18",NULL
9346433,13415431,"findamortgagebroker.com","Mortgage",0,0.0,"marcson98445waeas","2024-01-11",NULL
12136967,13415431,"lendingtree.com","Mortgage",0,0.0,"marcson98445watac","2026-09-19",NULL
9651503,13415431,"lendingtree.com","Mortgage",0,0.0,"marcson98445watac","2026-01-18",NULL
13849784,13415431,"mortgagematchup.com","Mortgage",1,5.0,"marcson98445watac","2025-11-20",NULL
12079996,13415432,"lendingtree.com","Mortgage",0,0.0,"erictai48025mibin","2026-04-30",NULL
9346434,13415432,"lendingtree.com","Mortgage",0,0.0,"erictai48025mibin","2024-06-28",NULL
13030046,13415433,"findamortgagebroker.com","Mortgage",0,0.0,"eringer48025mibin","2024-02-06",NULL
12080010,13415433,"lendingtree.com","Mortgage",0,0.0,"erinler48025mibin","2026-04-30",NULL
9346435,13415433,"lendingtree.com","Mortgage",0,0.0,"eringer48025mibin","2025-08-28",NULL
13840231,13415433,"mortgagematchup.com","Mortgage",0,0.0,"eringer48025mibin","2025-11-20",NULL
9346436,13415434,"findamortgagebroker.com","Mortgage",0,0.0,"richpus98033wanor","2024-01-12",NULL
13849626,13415434,"mortgagematchup.com","Mortgage",0,0.0,"rickpus98033wakir","2025-11-20",NULL
13030859,13415435,"findamortgagebroker.com","Mortgage",0,0.0,"evanana48025mibin","2024-02-06",NULL
12079821,13415435,"lendingtree.com","Mortgage",0,0.0,"evanana48025mibin","2026-08-18",NULL
9346437,13415435,"lendingtree.com","Mortgage",0,0.0,"evanana48025mibin","2025-08-18",NULL
13840229,13415435,"mortgagematchup.com","Mortgage",0,0.0,"evanana48025mibin","2025-11-18",NULL
