"tier_id","tier_name","priority","source_name","vertical","city","state","country","latitude","longitude","phone","email1","website","created_at","updated_at"
122528,"U.S. Bank","primary","mortgage.usbank.com","Mortgage",NULL,NULL,NULL,NULL,NULL,NULL,NULL,NULL,"2023-09-28","2026-09-23"
122644,"loanDepot","primary","loandepot.com","Mortgage",NULL,NULL,NULL,NULL,NULL,NULL,NULL,NULL,"2023-09-28","2026-09-23"
122679,"Barrett Financial Group, Inc","primary","barrettfinancial.com","Mortgage",NULL,NULL,NULL,NULL,NULL,NULL,NULL,NULL,"2023-09-28","2026-09-18"
123478,"New American Funding, LLC","primary","newamericanfunding.com","Mortgage",NULL,NULL,NULL,NULL,NULL,NULL,NULL,NULL,"2023-09-28","2026-09-23"
125162,"CrossCountry Mortgage, LLC","primary","crosscountrymortgage.com","Mortgage",NULL,NULL,NULL,NULL,NULL,NULL,NULL,NULL,"2023-09-28","2026-09-23"
146821,"NEXA Mortgage","secondary","findamortgagebroker.com","Mortgage",NULL,NULL,NULL,NULL,NULL,NULL,NULL,"http://www.NEXAMortgage.com","2023-09-28","2026-09-23"
147109,"The Huntington National Bank","secondary","lendingtree.com","Mortgage",NULL,NULL,NULL,NULL,NULL,NULL,NULL,NULL,"2023-09-28","2026-09-23"
147192,"PNC Bank, N.A.","secondary","lendingtree.com","Mortgage",NULL,NULL,NULL,NULL,NULL,NULL,NULL,NULL,"2023-09-28","2026-09-23"
147546,"Citizens Bank, N.A.","secondary","lendingtree.com","Mortgage",NULL,NULL,NULL,NULL,NULL,NULL,NULL,NULL,"2023-09-28","2026-09-23"
148047,"Success Mortgage Partners","secondary","lendingtree.com","Mortgage",NULL,NULL,NULL,NULL,NULL,NULL,NULL,NULL,"2023-09-28","2026-09-23"
148467,"First State Bank","secondary","lendingtree.com","Mortgage",NULL,NULL,NULL,NULL,NULL,NULL,NULL,NULL,"2023-09-28","2026-09-22"
149768,"UIF Corporation","secondary","lendingtree.com","Mortgage",NULL,NULL,NULL,NULL,NULL,NULL,NULL,NULL,"2023-09-28","2026-09-23"
150396,"Mount Diablo Lending","secondary","lendingtree.com","Mortgage",NULL,NULL,NULL,NULL,NULL,NULL,NULL,NULL,"2023-09-28","2026-08-23"
150827,"Swift Home Loans, Inc.","secondary","lendingtree.com","Mortgage",NULL,NULL,NULL,NULL,NULL,NULL,NULL,NULL,"2023-09-28","2026-09-23"
150834,"Comerica Bank","secondary","lendingtree.com","Mortgage",NULL,NULL,NULL,NULL,NULL,NULL,NULL,NULL,"2023-09-28","2026-09-23"
150885,"People Driven Credit Union","secondary","lendingtree.com","Mortgage",NULL,NULL,NULL,NULL,NULL,NULL,NULL,NULL,"2023-09-28","2026-09-18"
150888,"Michigan First Credit Union","secondary","lendingtree.com","Mortgage",NULL,NULL,NULL,NULL,NULL,NULL,NULL,NULL,"2023-09-28","2026-09-20"
150892,"Genisys Credit Union","secondary","lendingtree.com","Mortgage",NULL,NULL,NULL,NULL,NULL,NULL,NULL,NULL,"2023-09-28","2026-09-23"
150914,"Extreme Loans LLC","secondary","lendingtree.com","Mortgage",NULL,NULL,NULL,NULL,NULL,NULL,NULL,NULL,"2023-09-28","2026-09-18"
150919,"Hantz Financial Services, Inc.","secondary","lendingtree.com","Mortgage",NULL,NULL,NULL,NULL,NULL,NULL,NULL,NULL,"2023-09-28","2026-09-18"
150920,"Central Mortgage Funding, LLC","secondary","lendingtree.com","Mortgage",NULL,NULL,NULL,NULL,NULL,NULL,NULL,NULL,"2023-09-28","2025-06-18"
150942,"Mortgage One Funding LLC","secondary","lendingtree.com","Mortgage",NULL,NULL,NULL,NULL,NULL,NULL,NULL,NULL,"2023-09-28","2026-09-18"
150968,"FreeStar Financial Credit Union","secondary","lendingtree.com","Mortgage",NULL,NULL,NULL,NULL,NULL,NULL,NULL,NULL,"2023-09-28","2026-09-19"
150970,"ZOOM MORTGAGE LENDING LLC","secondary","lendingtree.com","Mortgage",NULL,NULL,NULL,NULL,NULL,NULL,NULL,NULL,"2023-09-28","2024-06-19"
150993,"New Horizons Home Finance, LLC","secondary","lendingtree.com","Mortgage",NULL,NULL,NULL,NULL,NULL,NULL,NULL,NULL,"2023-09-28","2026-09-18"
151010,"Next Door Lending LLC","secondary","lendingtree.com","Mortgage",NULL,NULL,NULL,NULL,NULL,NULL,NULL,NULL,"2023-09-28","2026-09-22"
151014,"Mortgage Depot LLC","secondary","lendingtree.com","Mortgage",NULL,NULL,NULL,NULL,NULL,NULL,NULL,NULL,"2023-09-28","2026-09-23"
151058,"Family Equity, Inc.","secondary","lendingtree.com","Mortgage",NULL,NULL,NULL,NULL,NULL,NULL,NULL,NULL,"2023-09-28","2026-07-18"
151368,"Estate Financial LLC","secondary","lendingtree.com","Mortgage",NULL,NULL,NULL,NULL,NULL,NULL,NULL,NULL,"2023-09-28","2026-06-18"
151451,"DynaGen Lending, LLC","secondary","lendingtree.com","Mortgage",NULL,NULL,NULL,NULL,NULL,NULL,NULL,NULL,"2023-09-28","2026-09-21"
151631,"Extra Credit Union","secondary","lendingtree.com","Mortgage",NULL,NULL,NULL,NULL,NULL,NULL,NULL,NULL,"2023-09-28","2026-09-19"
151690,"MortgagePros, LLC","secondary","lendingtree.com","Mortgage",NULL,NULL,NULL,NULL,NULL,NULL,NULL,NULL,"2023-09-28","2026-09-22"
153713,"Brick Financial Group LLC","secondary","lendingtree.com","Mortgage",NULL,NULL,NULL,NULL,NULL,NULL,NULL,NULL,"2023-09-29","2026-09-22"
155122,"LENDirect Mortgage, Inc","secondary","lendingtree.com","Mortgage",NULL,NULL,NULL,NULL,NULL,NULL,NULL,NULL,"2023-09-29","2026-09-22"
156288,"Mortgage One Northwest Inc","secondary","lendingtree.com","Mortgage",NULL,NULL,NULL,NULL,NULL,NULL,NULL,NULL,"2023-09-29","2026-09-21"
159764,"Accelin Loans LLC","secondary","lendingtree.com","Mortgage",NULL,NULL,NULL,NULL,NULL,NULL,NULL,NULL,"2023-09-29","2025-08-18"
159919,"All City Mortgage, LLC","secondary","lendingtree.com","Mortgage",NULL,NULL,NULL,NULL,NULL,NULL,NULL,NULL,"2023-09-29","2026-09-19"
160024,"CTC Mortgage Services, LLC","secondary","lendingtree.com","Mortgage",NULL,NULL,NULL,NULL,NULL,NULL,NULL,NULL,"2023-09-29","2026-09-20"
160073,"Super T Financial Inc.","secondary","lendingtree.com","Mortgage",NULL,NULL,NULL,NULL,NULL,NULL,NULL,NULL,"2023-09-29","2026-09-19"
160462,"Seattle Mortgage Brokers LLC","secondary","lendingtree.com","Mortgage",NULL,NULL,NULL,NULL,NULL,NULL,NULL,NULL,"2023-09-29","2026-09-19"
160665,"eLink Mortgage LLC","secondary","lendingtree.com","Mortgage",NULL,NULL,NULL,NULL,NULL,NULL,NULL,NULL,"2023-09-29","2026-09-19"
708616,"Be My Neighbor","secondary","zillow.com","Mortgage",NULL,NULL,NULL,NULL,NULL,NULL,NULL,NULL,"2023-10-19","2025-11-03"
2050412,"Polaris Home Loans, LLC","secondary","findamortgagebroker.com","Mortgage",NULL,NULL,NULL,NULL,NULL,NULL,NULL,NULL,"2024-01-10","2025-11-20"
2051670,"C2 Financial Corporation, Seattle, WA Branch","secondary","findamortgagebroker.com","Mortgage",NULL,NULL,NULL,NULL,NULL,NULL,NULL,"http://www.realwincorp.com","2024-01-10","2025-05-20"
2053664,"Platinum Home Lending, Inc.","secondary","findamortgagebroker.com","Mortgage",NULL,NULL,NULL,NULL,NULL,NULL,NULL,"http://www.platinumhomelending.com","2024-01-11","2024-06-27"
2057776,"Washington Discount Mortgage LLC","secondary","findamortgagebroker.com","Mortgage",NULL,NULL,NULL,NULL,NULL,NULL,NULL,NULL,"2024-01-11","2024-01-13"
2069733,"State Finance Company, Inc.","secondary","findamortgagebroker.com","Mortgage",NULL,NULL,NULL,NULL,NULL,NULL,NULL,NULL,"2024-01-13","2025-11-20"
3354966,"eLink Mortgage","secondary","mortgagematchup.com","Mortgage",NULL,NULL,NULL,NULL,NULL,NULL,NULL,NULL,"2024-06-27","2025-11-20"
8445494,"Flagstar Bank, FSB","secondary","lendingtree.com","Mortgage",NULL,NULL,NULL,NULL,NULL,NULL,NULL,NULL,"2025-01-18","2026-09-23"
8669806,"Amigo Mortgage Group","secondary","mortgagematchup.com","Mortgage",NULL,NULL,NULL,NULL,NULL,NULL,NULL,"http://Amigomortgagegroup.com","2025-02-20","2026-07-19"
10645584,"Modern Valley Home Loans, LLC","secondary","lendingtree.com","Mortgage",NULL,NULL,NULL,NULL,NULL,NULL,NULL,NULL,"2026-05-18","2026-09-19"
